regime,host,phase,state,releases,comparable,excluded,none,due_now,future,A_mean_signed,A_rms,A_max_abs,A_p95_abs,A_forecast_failures,B_mean_signed,B_rms,B_max_abs,B_p95_abs,B_forecast_failures,better,worse,tie,rms_change_b_minus_a,rms_reduction_percent
D4-R1,A,all,vx,19,19,0,0,19,0,-2.783731165915302e-05,0.00018646535031057083,0.0007747157566102558,,0,-5.7056795218326637e-08,2.606534679912049e-07,1.023756105666962e-06,,0,19,0,0,-0.00018620469684257963,99.86021345651776
D4-R1,A,all,vy,19,19,0,0,19,0,8.626563108946964e-05,0.00035338444147414895,0.0015207323101716352,,0,3.825304805379648e-06,8.970411299730033e-06,1.755876381991442e-05,,0,19,0,0,-0.0003444140301744189,97.46157152185032
D4-R1,A,all,r,19,19,0,0,19,0,-0.0003758953095742439,0.013585920272498534,0.046295920715736044,,0,0.00012899784959642676,0.0003088291635002088,0.0006110483927205951,,0,18,1,0,-0.013277091108998326,97.72684398770278
D4-R1,A,all,e_psi,19,19,0,0,19,0,-4.7381598395620916e-05,0.00023919653552049284,0.0009892549719943133,,0,-1.7847677127337318e-05,3.8631981386019735e-05,7.44132418430965e-05,,0,3,16,0,-0.0002005645541344731,83.84927218868101
D4-R1,A,all,s_abs,19,19,0,0,19,0,-6.522796083964865e-07,3.2709061586779813e-06,1.306264600686724e-05,,0,-5.458804144498648e-07,1.1882231225483026e-06,3.81397783710824e-06,,0,18,1,0,-2.0826830361296785e-06,63.6729681346605
D4-R1,A,all,e_y,19,19,0,0,19,0,-4.599325113385883e-06,2.2270110408627596e-05,9.274190204233007e-05,,0,-1.6430263923108056e-06,3.7072585532540285e-06,7.118332386922641e-06,,0,3,16,0,-1.8562851855373566e-05,83.353209816967
D4-R1,A,first,vx,1,1,0,0,1,0,-0.0007747157566102558,0.0007747157566102558,0.0007747157566102558,,0,0.0,0.0,0.0,,0,1,0,0,-0.0007747157566102558,100.0
D4-R1,A,first,vy,1,1,0,0,1,0,0.0015207323101716352,0.0015207323101716352,0.0015207323101716352,,0,0.0,0.0,0.0,,0,1,0,0,-0.0015207323101716352,100.0
D4-R1,A,first,r,1,1,0,0,1,0,0.03690172796035074,0.03690172796035074,0.03690172796035074,,0,1.1102230246251565e-16,1.1102230246251565e-16,1.1102230246251565e-16,,0,1,0,0,-0.03690172796035063,99.9999999999997
D4-R1,A,first,e_psi,1,1,0,0,1,0,0.0003031805569788659,0.0003031805569788659,0.0003031805569788659,,0,-2.4740278817159123e-05,2.4740278817159123e-05,2.4740278817159123e-05,,0,1,0,0,-0.0002784402781617068,91.8397541505659
D4-R1,A,first,s_abs,1,1,0,0,1,0,-1.306264600686724e-05,1.306264600686724e-05,1.306264600686724e-05,,0,-2.2508878754212702e-06,2.2508878754212702e-06,2.2508878754212702e-06,,0,1,0,0,-1.081175813144597e-05,82.76851509075617
D4-R1,A,first,e_y,1,1,0,0,1,0,2.590913328823219e-05,2.590913328823219e-05,2.590913328823219e-05,,0,-1.0852126620802816e-06,1.0852126620802816e-06,1.0852126620802816e-06,,0,1,0,0,-2.4823920626151907e-05,95.81146675186861
D4-R1,A,subsequent,vx,18,18,0,0,18,0,1.3655935282574916e-05,5.7942839132982706e-05,0.0002458249505918886,,0,-6.022661717490034e-08,2.6779598133456826e-07,1.023756105666962e-06,,0,18,0,0,-5.767504315164814e-05,99.53782730473397
D4-R1,A,subsequent,vy,18,18,0,0,18,0,6.573037807127101e-06,5.778501672577642e-05,0.00021565940722512167,,0,4.03782173901185e-06,9.216221504741159e-06,1.755876381991442e-05,,0,18,0,0,-4.856879522103526e-05,84.05084565696762
D4-R1,A,subsequent,r,18,18,0,0,18,0,-0.002446874380125632,0.010916933423975685,0.046295920715736044,,0,0.0001361643967962221,0.00031729180333431377,0.0006110483927205951,,0,17,1,0,-0.010599641620641372,97.09358121908593
D4-R1,A,subsequent,e_psi,18,18,0,0,18,0,-6.685727369420352e-05,0.00023513190380497142,0.0009892549719943133,,0,-1.7464754811236105e-05,3.925988080473427e-05,7.44132418430965e-05,,0,2,16,0,-0.00019587202300023717,83.30303962609085
D4-R1,A,subsequent,s_abs,18,18,0,0,18,0,3.7185191518555406e-08,1.346703674779207e-06,5.0368060477978815e-06,,0,-4.511577777292312e-07,1.0994724331467104e-06,3.81397783710824e-06,,0,17,1,0,-2.472312416324965e-07,18.358251058684484
D4-R1,A,subsequent,e_y,18,18,0,0,18,0,-6.2942394690313315e-06,2.2050340570422816e-05,9.274190204233007e-05,,0,-1.6740160439902792e-06,3.8002475585362163e-06,7.118332386922641e-06,,0,2,16,0,-1.82500930118866e-05,82.7655833867996
D4-R1,B,all,vx,19,19,0,0,19,0,-2.492773552488284e-05,0.00019072018857480444,0.0007747157566102558,,0,-5.6907881588361567e-08,2.6145957285290627e-07,1.0192865369518245e-06,,0,18,1,0,-0.00019045872900195154,99.8629093360243
D4-R1,B,all,vy,19,19,0,0,19,0,8.411771200368231e-05,0.0003531896041471389,0.0015207323101716352,,0,3.824958473787953e-06,8.970767837429795e-06,1.7558633340186702e-05,,0,18,1,0,-0.0003442188363097091,97.46007024779456
D4-R1,B,all,r,19,19,0,0,19,0,-0.00098796161909037,0.01576470191404009,0.0579509188665949,,0,0.00012897314248726767,0.00030881238762454503,0.0006110230903236952,,0,19,0,0,-0.015455889526415544,98.04111495854218
D4-R1,B,all,e_psi,19,19,0,0,19,0,-5.840500780647006e-05,0.00028716014477626954,0.0012081007417270584,,0,-1.7847828285160417e-05,3.8632078701652236e-05,7.441149058839969e-05,,0,2,17,0,-0.0002485280660746173,86.54685219923154
D4-R1,B,all,s_abs,19,19,0,0,19,0,-5.443101404337855e-07,3.4612027846240544e-06,1.306264600686724e-05,,0,-5.410660308680093e-07,1.1844238424398874e-06,3.8124789507598678e-06,,0,18,1,0,-2.276778942184167e-06,65.77999279032315
D4-R1,B,all,e_y,19,19,0,0,19,0,-5.624610146155421e-06,2.6780045043578196e-05,0.00011320621289068189,,0,-1.6429769884993273e-06,3.707161246726772e-06,7.118082476578486e-06,,0,2,17,0,-2.3072883796851423e-05,86.15700145128866
D4-R1,B,first,vx,1,1,0,0,1,0,-0.0007747157566102558,0.0007747157566102558,0.0007747157566102558,,0,0.0,0.0,0.0,,0,1,0,0,-0.0007747157566102558,100.0
D4-R1,B,first,vy,1,1,0,0,1,0,0.0015207323101716352,0.0015207323101716352,0.0015207323101716352,,0,0.0,0.0,0.0,,0,1,0,0,-0.0015207323101716352,100.0
D4-R1,B,first,r,1,1,0,0,1,0,0.03690172796035074,0.03690172796035074,0.03690172796035074,,0,1.1102230246251565e-16,1.1102230246251565e-16,1.1102230246251565e-16,,0,1,0,0,-0.03690172796035063,99.9999999999997
D4-R1,B,first,e_psi,1,1,0,0,1,0,0.0003031805569788659,0.0003031805569788659,0.0003031805569788659,,0,-2.4740278817159123e-05,2.4740278817159123e-05,2.4740278817159123e-05,,0,1,0,0,-0.0002784402781617068,91.8397541505659
D4-R1,B,first,s_abs,1,1,0,0,1,0,-1.306264600686724e-05,1.306264600686724e-05,1.306264600686724e-05,,0,-2.2508878754212702e-06,2.2508878754212702e-06,2.2508878754212702e-06,,0,1,0,0,-1.081175813144597e-05,82.76851509075617
D4-R1,B,first,e_y,1,1,0,0,1,0,2.590913328823219e-05,2.590913328823219e-05,2.590913328823219e-05,,0,-1.0852126620802816e-06,1.0852126620802816e-06,1.0852126620802816e-06,,0,1,0,0,-2.4823920626151907e-05,95.81146675186861
D4-R1,B,subsequent,vx,18,18,0,0,18,0,1.672715453541566e-05,7.107316759273468e-05,0.00030153189524639856,,0,-6.006943056549277e-08,2.6862417535079047e-07,1.0192865369518245e-06,,0,17,1,0,-7.08045434173839e-05,99.62204558422094
D4-R1,B,subsequent,vy,18,18,0,0,18,0,4.305789883240481e-06,5.651365315601073e-05,0.00021180869405490466,,0,4.037456166776172e-06,9.216587812405992e-06,1.7558633340186702e-05,,0,17,1,0,-4.729706534360474e-05,83.69139615348733
D4-R1,B,subsequent,r,18,18,0,0,18,0,-0.0030929443735037646,0.013663115749817732,0.0579509188665949,,0,0.00013613831706988747,0.00031727456776050483,0.0006110230903236952,,0,18,0,0,-0.013345841182057228,97.67787543068471
D4-R1,B,subsequent,e_psi,18,18,0,0,18,0,-7.849309473898873e-05,0.0002862438331291677,0.0012081007417270584,,0,-1.7464914366716044e-05,3.925998188391189e-05,7.441149058839969e-05,,0,1,17,0,-0.0002469838512452558,86.28442700241658
D4-R1,B,subsequent,s_abs,18,18,0,0,18,0,1.5115296325696193e-07,1.7792921331056875e-06,7.046137525890117e-06,,0,-4.4607592839282813e-07,1.0951367419576932e-06,3.8124789507598678e-06,,0,17,1,0,-6.841553911479942e-07,38.45098724478856
D4-R1,B,subsequent,e_y,18,18,0,0,18,0,-7.376484781399177e-06,2.682760006083917e-05,0.00011320621289068189,,0,-1.6739638955226077e-06,3.8001473593758596e-06,7.118082476578486e-06,,0,1,17,0,-2.302745270146331e-05,85.83493361031941
D4-R2,A,all,vx,19,19,0,0,0,19,-5.103125248315097e-05,0.00016169970019784977,0.0006012161750703626,,0,-2.291473992468546e-05,0.0001048218644718052,0.0004566654517095259,,0,6,13,0,-5.687783572604458e-05,35.17497908558332
D4-R2,A,all,vy,19,19,0,0,0,19,1.0978226312696956e-05,0.0002026591869312209,0.0007396687039140093,,0,1.1112068549351028e-05,6.873930098842325e-05,0.0002093809669374419,,0,18,1,0,-0.00013391988594279767,66.08132992670488
D4-R2,A,all,r,19,19,0,0,0,19,0.0024737200829141916,0.008389954225214477,0.033103592256629844,,0,-8.2712906774982e-05,0.001669671623484471,0.005697095705868904,,0,2,17,0,-0.006720282601730006,80.09915693620142
D4-R2,A,all,e_psi,19,19,0,0,0,19,2.4392247428444964e-05,0.00013364467153566468,0.0005525315321524005,,0,-2.3386430317886097e-05,5.728998098299555e-05,0.000172204851274671,,0,2,17,0,-7.635469055266913e-05,57.132611181054806
D4-R2,A,all,s_abs,19,19,0,0,0,19,-1.370361605336855e-06,3.790907745377421e-06,1.4934945571809521e-05,,0,-8.186213784037926e-07,2.3566933619686412e-06,9.832222851002825e-06,,0,18,1,0,-1.4342143834087797e-06,37.833006755641584
D4-R2,A,all,e_y,19,19,0,0,0,19,2.245687724320276e-06,1.2391983727062358e-05,5.095196466533419e-05,,0,-2.186406181322801e-06,5.405921404047674e-06,1.5961992818690207e-05,,0,2,17,0,-6.986062323014684e-06,56.375657658088286
D4-R2,A,first,vx,1,1,0,0,0,1,-0.0003678661981236786,0.0003678661981236786,0.0003678661981236786,,0,1.2958680402519462e-05,1.2958680402519462e-05,1.2958680402519462e-05,,0,1,0,0,-0.00035490751772115914,96.47733864415488
D4-R2,A,first,vy,1,1,0,0,0,1,0.0007396687039140093,0.0007396687039140093,0.0007396687039140093,,0,-0.0001591851277152334,0.0001591851277152334,0.0001591851277152334,,0,1,0,0,-0.0005804835761987759,78.47886129656506
D4-R2,A,first,r,1,1,0,0,0,1,0.01549591650095028,0.01549591650095028,0.01549591650095028,,0,-0.0032676499347032983,0.0032676499347032983,0.0032676499347032983,,0,1,0,0,-0.012228266566246981,78.91283207093358
D4-R2,A,first,e_psi,1,1,0,0,0,1,8.910392813277213e-05,8.910392813277213e-05,8.910392813277213e-05,,0,-4.8549012231724475e-05,4.8549012231724475e-05,4.8549012231724475e-05,,0,1,0,0,-4.055491590104765e-05,45.51417288878389
D4-R2,A,first,s_abs,1,1,0,0,0,1,-6.375980454276231e-06,6.375980454276231e-06,6.375980454276231e-06,,0,-2.0269066802747204e-06,2.0269066802747204e-06,2.0269066802747204e-06,,0,1,0,0,-4.349073774001511e-06,68.2102745638858
D4-R2,A,first,e_y,1,1,0,0,0,1,8.108133828940711e-06,8.108133828940711e-06,8.108133828940711e-06,,0,-3.0894883166765474e-06,3.0894883166765474e-06,3.0894883166765474e-06,,0,1,0,0,-5.018645512264164e-06,61.89643163450135
D4-R2,A,subsequent,vx,18,18,0,0,0,18,-3.342931105867722e-05,0.00014170852873953907,0.0006012161750703626,,0,-2.4907707720641287e-05,0.0001076509056466497,0.0004566654517095259,,0,5,13,0,-3.405762309288937e-05,24.033573275951113
D4-R2,A,subsequent,vy,18,18,0,0,0,18,-2.9504577998487062e-05,0.00011383086462794431,0.0004799851018092889,,0,2.0573023897383497e-05,5.983163118351768e-05,0.0002093809669374419,,0,17,1,0,-5.3999233444426634e-05,47.4381299139938
D4-R2,A,subsequent,r,18,18,0,0,0,18,0.0017502647263566314,0.007807801931110914,0.033103592256629844,,0,9.422803922103558e-05,0.001532802936876493,0.005697095705868904,,0,1,17,0,-0.006274998994234421,80.3683168399944
D4-R2,A,subsequent,e_psi,18,18,0,0,0,18,2.0797154055982344e-05,0.00013569114364757196,0.0005525315321524005,,0,-2.1988509100450633e-05,5.773680220089345e-05,0.000172204851274671,,0,1,17,0,-7.79543414466785e-05,57.4498374404949
D4-R2,A,subsequent,s_abs,18,18,0,0,0,18,-1.0922716692846674e-06,3.5931688458949074e-06,1.4934945571809521e-05,,0,-7.514944171887411e-07,2.3736717660626285e-06,9.832222851002825e-06,,0,17,1,0,-1.219497079832279e-06,33.939320197143516
D4-R2,A,subsequent,e_y,18,18,0,0,0,18,1.919996274063585e-06,1.2587299858181073e-05,5.095196466533419e-05,,0,-2.1362349515809263e-06,5.506111756994291e-06,1.5961992818690207e-05,,0,1,17,0,-7.081188101186782e-06,56.25660928848364
D4-R2,B,all,vx,19,19,0,0,0,19,-5.201347108719252e-05,0.00016581764849705932,0.0006221639141390511,,0,-2.2857900925026498e-05,0.0001044332031357799,0.00045497954487583314,,0,6,13,0,-6.138444536127941e-05,37.01924729825608
D4-R2,B,all,vy,19,19,0,0,0,19,2.9070466706471085e-05,0.00018576420189791957,0.0007396687039140093,,0,9.59592664968383e-06,6.435700846574421e-05,0.00018096122292104305,,0,19,0,0,-0.00012140719343217536,65.35553793022541
D4-R2,B,all,r,19,19,0,0,0,19,0.002764571605563423,0.009726756808795858,0.039425408253854155,,0,-5.907683222714257e-05,0.001630195053148321,0.005696577546334292,,0,2,17,0,-0.008096561755647536,83.24009651732894
D4-R2,B,all,e_psi,19,19,0,0,0,19,2.5642409286643747e-05,0.0001520227825834181,0.0006365040780029751,,0,-2.260773785631019e-05,5.500146653932668e-05,0.00015740225098470617,,0,2,17,0,-9.702131604409143e-05,63.820247462483984
D4-R2,B,all,s_abs,19,19,0,0,0,19,-1.3940019160049576e-06,3.935026848066181e-06,1.5674302682455732e-05,,0,-8.203138494092412e-07,2.3545293877481326e-06,9.810552852762555e-06,,0,18,1,0,-1.5804974603180482e-06,40.164845662864124
D4-R2,B,all,e_y,19,19,0,0,0,19,2.337400003318388e-06,1.400892865956973e-05,5.84822613987207e-05,,0,-2.1133092432330907e-06,5.195702845826488e-06,1.4576725260867507e-05,,0,2,17,0,-8.813225813743242e-06,62.911490435228835
D4-R2,B,first,vx,1,1,0,0,0,1,-0.0003678661981236786,0.0003678661981236786,0.0003678661981236786,,0,1.2958680402519462e-05,1.2958680402519462e-05,1.2958680402519462e-05,,0,1,0,0,-0.00035490751772115914,96.47733864415488
D4-R2,B,first,vy,1,1,0,0,0,1,0.0007396687039140093,0.0007396687039140093,0.0007396687039140093,,0,-0.0001591851277152334,0.0001591851277152334,0.0001591851277152334,,0,1,0,0,-0.0005804835761987759,78.47886129656506
D4-R2,B,first,r,1,1,0,0,0,1,0.01549591650095028,0.01549591650095028,0.01549591650095028,,0,-0.0032676499347032983,0.0032676499347032983,0.0032676499347032983,,0,1,0,0,-0.012228266566246981,78.91283207093358
D4-R2,B,first,e_psi,1,1,0,0,0,1,8.910392813277213e-05,8.910392813277213e-05,8.910392813277213e-05,,0,-4.8549012231724475e-05,4.8549012231724475e-05,4.8549012231724475e-05,,0,1,0,0,-4.055491590104765e-05,45.51417288878389
D4-R2,B,first,s_abs,1,1,0,0,0,1,-6.375980454276231e-06,6.375980454276231e-06,6.375980454276231e-06,,0,-2.0269066802747204e-06,2.0269066802747204e-06,2.0269066802747204e-06,,0,1,0,0,-4.349073774001511e-06,68.2102745638858
D4-R2,B,first,e_y,1,1,0,0,0,1,8.108133828940711e-06,8.108133828940711e-06,8.108133828940711e-06,,0,-3.0894883166765474e-06,3.0894883166765474e-06,3.0894883166765474e-06,,0,1,0,0,-5.018645512264164e-06,61.89643163450135
D4-R2,B,subsequent,vx,18,18,0,0,0,18,-3.4466097362943295e-05,0.00014664560810691087,0.0006221639141390511,,0,-2.4847710998779052e-05,0.00010725143278737525,0.00045497954487583314,,0,5,13,0,-3.939417531953562e-05,26.863522084354273
D4-R2,B,subsequent,vy,18,18,0,0,0,18,-1.040721313839215e-05,7.765616662886445e-05,0.0002830744963223525,,0,1.8972651892179232e-05,5.444403923541962e-05,0.00018096122292104305,,0,18,0,0,-2.3212127393444834e-05,29.890900363883
D4-R2,B,subsequent,r,18,18,0,0,0,18,0.00205727466693082,0.009301919557355567,0.039425408253854155,,0,0.00011917722902153275,0.0014872727878590664,0.005696577546334292,,0,1,17,0,-0.007814646769496501,84.01111965451267
D4-R2,B,subsequent,e_psi,18,18,0,0,0,18,2.2116769350747727e-05,0.00015477009689195432,0.0006365040780029751,,0,-2.116655594656495e-05,5.533788059597585e-05,0.00015740225098470617,,0,1,17,0,-9.943221629597848e-05,64.24510825588779
D4-R2,B,subsequent,s_abs,18,18,0,0,0,18,-1.1172253305454423e-06,3.7531554342958388e-06,1.5674302682455732e-05,,0,-7.53280914361159e-07,2.3714038672281128e-06,9.810552852762555e-06,,0,17,1,0,-1.381751567067726e-06,36.81572989067979
D4-R2,B,subsequent,e_y,18,18,0,0,0,18,2.016803679672703e-06,1.4265361559076816e-05,5.84822613987207e-05,,0,-2.059077072486232e-06,5.2881749378609875e-06,1.4576725260867507e-05,,0,1,17,0,-8.977186621215828e-06,62.92996209061237
D4-R3,A,all,vx,19,19,0,0,0,19,-5.8310776670476483e-05,0.00019016306904853073,0.0007427972447953124,,0,-2.334890348200172e-05,0.00010564093547076244,0.0004602779359386133,,0,8,11,0,-8.452213357776829e-05,44.44718630208778
D4-R3,A,all,vy,19,19,0,0,0,19,-0.00011323635616581433,0.0007206651539894169,0.0030504883807094263,,0,-1.378800508582253e-05,0.00016441970437296988,0.0006219676103490779,,0,4,15,0,-0.0005562454496164471,77.1850070087634
D4-R3,A,all,r,19,19,0,0,0,19,0.002764494398870173,0.008719245440915926,0.03467634343596743,,0,-7.920545230939449e-05,0.0009419008199590204,0.0032676499347032983,,0,3,16,0,-0.007777344620956905,89.19745032593008
D4-R3,A,all,e_psi,19,19,0,0,0,19,5.3648985900340606e-05,0.00031511204357909247,0.0013433966283309395,,0,-2.813759839046993e-05,7.231959962812811e-05,0.00016381408277998943,,0,4,15,0,-0.00024279244395096434,77.0495602749071
D4-R3,A,all,s_abs,19,19,0,0,0,19,-2.5954076409209916e-06,8.626644733865968e-06,3.685653225904417e-05,,0,-1.6335849015725046e-06,5.440491639145603e-06,2.336612448416986e-05,,0,18,1,0,-3.1861530947203647e-06,36.93386238814674
D4-R3,A,all,e_y,19,19,0,0,0,19,3.885385735837282e-06,3.3478768768871906e-05,0.00013808910738546953,,0,-4.930661954032961e-06,1.2075160661388728e-05,2.5340963670631572e-05,,0,4,15,0,-2.1403608107483177e-05,63.93188547418731
D4-R3,A,first,vx,1,1,0,0,0,1,-0.0003678661981236786,0.0003678661981236786,0.0003678661981236786,,0,1.2958680402519462e-05,1.2958680402519462e-05,1.2958680402519462e-05,,0,1,0,0,-0.00035490751772115914,96.47733864415488
D4-R3,A,first,vy,1,1,0,0,0,1,0.0007396687039140093,0.0007396687039140093,0.0007396687039140093,,0,-0.0001591851277152334,0.0001591851277152334,0.0001591851277152334,,0,1,0,0,-0.0005804835761987759,78.47886129656506
D4-R3,A,first,r,1,1,0,0,0,1,0.01549591650095028,0.01549591650095028,0.01549591650095028,,0,-0.0032676499347032983,0.0032676499347032983,0.0032676499347032983,,0,1,0,0,-0.012228266566246981,78.91283207093358
D4-R3,A,first,e_psi,1,1,0,0,0,1,8.910392813277213e-05,8.910392813277213e-05,8.910392813277213e-05,,0,-4.8549012231724475e-05,4.8549012231724475e-05,4.8549012231724475e-05,,0,1,0,0,-4.055491590104765e-05,45.51417288878389
D4-R3,A,first,s_abs,1,1,0,0,0,1,-6.375980454276231e-06,6.375980454276231e-06,6.375980454276231e-06,,0,-2.0269066802747204e-06,2.0269066802747204e-06,2.0269066802747204e-06,,0,1,0,0,-4.349073774001511e-06,68.2102745638858
D4-R3,A,first,e_y,1,1,0,0,0,1,8.108133828940711e-06,8.108133828940711e-06,8.108133828940711e-06,,0,-3.0894883166765474e-06,3.0894883166765474e-06,3.0894883166765474e-06,,0,1,0,0,-5.018645512264164e-06,61.89643163450135
D4-R3,A,subsequent,vx,18,18,0,0,0,18,-4.11132532564097e-05,0.00017507971581971193,0.0007427972447953124,,0,-2.536599147558623e-05,0.00010849275713097253,0.0004602779359386133,,0,7,11,0,-6.65869586887394e-05,38.03236621500301
D4-R3,A,subsequent,vy,18,18,0,0,0,18,-0.0001606199706146934,0.0007195946863712538,0.0030504883807094263,,0,-5.710387161966369e-06,0.00016470563635536891,0.0006219676103490779,,0,3,15,0,-0.0005548890500158849,77.11133232709922
D4-R3,A,subsequent,r,18,18,0,0,0,18,0.002057193170976834,0.008179772313848714,0.03467634343596743,,0,9.793035226804463e-05,0.0005858910517979127,0.0015631731558330975,,0,2,16,0,-0.0075938812620508014,92.8373183345706
D4-R3,A,subsequent,e_psi,18,18,0,0,0,18,5.1679266887427744e-05,0.00032306491351107714,0.0013433966283309395,,0,-2.700363095484468e-05,7.341486328788002e-05,0.00016381408277998943,,0,3,15,0,-0.0002496500502231971,77.27550711403303
D4-R3,A,subsequent,s_abs,18,18,0,0,0,18,-2.3853758179568117e-06,8.734694108900498e-06,3.685653225904417e-05,,0,-1.6117336916446036e-06,5.569119646896669e-06,2.336612448416986e-05,,0,17,1,0,-3.165574462003829e-06,36.24138890883615
D4-R3,A,subsequent,e_y,18,18,0,0,0,18,3.6507886195537577e-06,3.4343032103506214e-05,0.00013808910738546953,,0,-5.03294937833054e-06,1.2384658199450206e-05,2.5340963670631572e-05,,0,3,15,0,-2.1958373904056007e-05,63.93836699647202
D4-R3,B,all,vx,19,19,0,0,0,19,-6.155850520818187e-05,0.00020294978923474037,0.0008045206297744301,,0,-2.3325383222016465e-05,0.00010528688071311033,0.00045874208232898894,,0,8,11,0,-9.766290852163004e-05,48.1217097538687
D4-R3,B,all,vy,19,19,0,0,0,19,-0.0001345362454545571,0.0008060078465179664,0.003432432073569247,,0,-2.2636131828949248e-05,0.00015513474832911284,0.00062185627786987,,0,4,15,0,-0.0006508730981888535,80.75269998929784
D4-R3,B,all,r,19,19,0,0,0,19,0.0033282975194171955,0.010992693894652949,0.045318970225185884,,0,-9.640732980079492e-05,0.0009194144850927443,0.0032676499347032983,,0,3,16,0,-0.010073279409560204,91.6361312895289
D4-R3,B,all,e_psi,19,19,0,0,0,19,6.962820222763224e-05,0.0003825952782927897,0.0016432053103709876,,0,-2.6125188507852253e-05,6.81810747180523e-05,0.00015419401505178953,,0,4,15,0,-0.0003144142035747374,82.17932144320004
D4-R3,B,all,s_abs,19,19,0,0,0,19,-2.741454912180112e-06,9.249958964656457e-06,3.9625447157298765e-05,,0,-1.6431103283356514e-06,5.433419579748189e-06,2.3304475575081085e-05,,0,18,1,0,-3.816539384908268e-06,41.26006828236793
D4-R3,B,all,e_y,19,19,0,0,0,19,5.465305809772867e-06,4.014193393245071e-05,0.00016845465096530093,,0,-4.673093652202041e-06,1.1577136988330582e-05,2.510501132843134e-05,,0,4,15,0,-2.856479694412013e-05,71.15949369103109
D4-R3,B,first,vx,1,1,0,0,0,1,-0.0003678661981236786,0.0003678661981236786,0.0003678661981236786,,0,1.2958680402519462e-05,1.2958680402519462e-05,1.2958680402519462e-05,,0,1,0,0,-0.00035490751772115914,96.47733864415488
D4-R3,B,first,vy,1,1,0,0,0,1,0.0007396687039140093,0.0007396687039140093,0.0007396687039140093,,0,-0.0001591851277152334,0.0001591851277152334,0.0001591851277152334,,0,1,0,0,-0.0005804835761987759,78.47886129656506
D4-R3,B,first,r,1,1,0,0,0,1,0.01549591650095028,0.01549591650095028,0.01549591650095028,,0,-0.0032676499347032983,0.0032676499347032983,0.0032676499347032983,,0,1,0,0,-0.012228266566246981,78.91283207093358
D4-R3,B,first,e_psi,1,1,0,0,0,1,8.910392813277213e-05,8.910392813277213e-05,8.910392813277213e-05,,0,-4.8549012231724475e-05,4.8549012231724475e-05,4.8549012231724475e-05,,0,1,0,0,-4.055491590104765e-05,45.51417288878389
D4-R3,B,first,s_abs,1,1,0,0,0,1,-6.375980454276231e-06,6.375980454276231e-06,6.375980454276231e-06,,0,-2.0269066802747204e-06,2.0269066802747204e-06,2.0269066802747204e-06,,0,1,0,0,-4.349073774001511e-06,68.2102745638858
D4-R3,B,first,e_y,1,1,0,0,0,1,8.108133828940711e-06,8.108133828940711e-06,8.108133828940711e-06,,0,-3.0894883166765474e-06,3.0894883166765474e-06,3.0894883166765474e-06,,0,1,0,0,-5.018645512264164e-06,61.89643163450135
D4-R3,B,subsequent,vx,18,18,0,0,0,18,-4.4541411157320944e-05,0.00018962802511116858,0.0008045206297744301,,0,-2.5341164534490684e-05,0.00010812885583564513,0.00045874208232898894,,0,7,11,0,-8.149916927552345e-05,42.97844120231961
D4-R3,B,subsequent,vy,18,18,0,0,0,18,-0.00018310318708614413,0.0008095339719991246,0.003432432073569247,,0,-1.505007650193346e-05,0.00015490662200856703,0.00062185627786987,,0,3,15,0,-0.0006546273499905576,80.86471632240104
D4-R3,B,subsequent,r,18,18,0,0,0,18,0.0026523186871098025,0.010687021292631443,0.045318970225185884,,0,7.977281491601082e-05,0.000546890239688728,0.0015635211402983962,,0,2,16,0,-0.010140131052942715,94.88266913002408
D4-R3,B,subsequent,e_psi,18,18,0,0,0,18,6.854621745512447e-05,0.00039251781859469745,0.0016432053103709876,,0,-2.4879420523192684e-05,6.910841460897502e-05,0.00015419401505178953,,0,3,15,0,-0.00032340940398572246,82.39355990094953
D4-R3,B,subsequent,s_abs,18,18,0,0,0,18,-2.5395368265081054e-06,9.383851227139059e-06,3.9625447157298765e-05,,0,-1.6217883087834807e-06,5.5618270757593e-06,2.3304475575081085e-05,,0,17,1,0,-3.822024151379759e-06,40.72980334903513
D4-R3,B,subsequent,e_y,18,18,0,0,0,18,5.3184820309302084e-06,4.119761353843441e-05,0.00016845465096530093,,0,-4.7610717263979015e-06,1.1872065667931004e-05,2.510501132843134e-05,,0,3,15,0,-2.9325547870503408e-05,71.18263741938542
D4-R4,A,all,vx,19,19,0,0,0,19,0.0009475678739515894,0.0013795441217752586,0.002746276820837501,,0,0.0005283211457820046,0.000836280801031769,0.001668206397337002,,0,18,1,0,-0.0005432633207434896,39.37991631934137
D4-R4,A,all,vy,19,19,0,0,0,19,0.00023321460379655538,0.0021714946601014188,0.0059051921322755,,0,4.691458684349217e-05,0.00047013398483013917,0.001179426082553614,,0,18,1,0,-0.0017013606752712797,78.34975174158699
D4-R4,A,all,r,19,19,0,0,0,19,0.004031486553849954,0.12532431859252086,0.15577339228820442,,0,0.0029864299884352526,0.08655193297124696,0.10821022531496494,,0,19,0,0,-0.0387723856212739,30.937639283991103
D4-R4,A,all,e_psi,19,19,0,0,0,19,-2.8358659960408217e-05,0.0025989415884670273,0.003920752628331581,,0,2.331860799307718e-06,0.001423065506674427,0.001802307879933629,,0,19,0,0,-0.0011758760817926002,45.24442130637437
D4-R4,A,all,s_abs,19,19,0,0,0,19,3.5776159448532385e-05,4.815364612914315e-05,0.0001097710509085914,,0,1.8733907971159096e-05,2.7191640636268817e-05,6.062344217561133e-05,,0,17,2,0,-2.096200549287433e-05,43.53150213517867
D4-R4,A,all,e_y,19,19,0,0,0,19,-9.033360671739536e-06,0.0002446853915361214,0.0003970214533900729,,0,-4.1711654295898e-06,0.00012890496296012196,0.00018112380456267868,,0,19,0,0,-0.00011578042857599946,47.31807969782598
D4-R4,A,first,vx,1,1,0,0,0,1,0.00038144420603902773,0.00038144420603902773,0.00038144420603902773,,0,0.0,0.0,0.0,,0,1,0,0,-0.00038144420603902773,100.0
D4-R4,A,first,vy,1,1,0,0,0,1,-0.0006768940290986514,0.0006768940290986514,0.0006768940290986514,,0,0.0,0.0,0.0,,0,1,0,0,-0.0006768940290986514,100.0
D4-R4,A,first,r,1,1,0,0,0,1,-0.011504648552539964,0.011504648552539964,0.011504648552539964,,0,-1.1102230246251565e-16,1.1102230246251565e-16,1.1102230246251565e-16,,0,1,0,0,-0.011504648552539853,99.99999999999903
D4-R4,A,first,e_psi,1,1,0,0,0,1,-7.809196437547072e-05,7.809196437547072e-05,7.809196437547072e-05,,0,-2.4733122574893684e-05,2.4733122574893684e-05,2.4733122574893684e-05,,0,1,0,0,-5.335884180057704e-05,68.3282104981053
D4-R4,A,first,s_abs,1,1,0,0,0,1,-2.0411681278531546e-07,2.0411681278531546e-07,2.0411681278531546e-07,,0,-2.2482682258129216e-06,2.2482682258129216e-06,2.2482682258129216e-06,,0,0,1,0,2.044151413027606e-06,-1001.4615577882795
D4-R4,A,first,e_y,1,1,0,0,0,1,-5.27500455919927e-06,5.27500455919927e-06,5.27500455919927e-06,,0,-1.0847563055443876e-06,1.0847563055443876e-06,1.0847563055443876e-06,,0,1,0,0,-4.190248253654882e-06,79.43591719456163
D4-R4,A,subsequent,vx,18,18,0,0,0,18,0.0009790191888356208,0.0014144924101804936,0.002746276820837501,,0,0.0005576723205476716,0.0008591968467157249,0.001668206397337002,,0,17,1,0,-0.0005552955634647687,39.25758522761612
D4-R4,A,subsequent,vy,18,18,0,0,0,18,0.0002837761945129558,0.0022252865806889925,0.0059051921322755,,0,4.9520952779241734e-05,0.0004830167532264191,0.001179426082553614,,0,17,1,0,-0.0017422698274625734,78.2941775941116
D4-R4,A,subsequent,r,18,18,0,0,0,18,0.004894605170871614,0.12872994015133565,0.15577339228820442,,0,0.0031523427655705477,0.08892365793199783,0.10821022531496494,,0,18,0,0,-0.039806282219337824,30.922318593903896
D4-R4,A,subsequent,e_psi,18,18,0,0,0,18,-2.5595698604015855e-05,0.002670095211266474,0.003920752628331581,,0,3.8354709867633515e-06,0.0014620492004582706,0.001802307879933629,,0,18,0,0,-0.0012080460108082032,45.24355557475441
D4-R4,A,subsequent,s_abs,18,18,0,0,0,18,3.7775063685272256e-05,4.947314502244337e-05,0.0001097710509085914,,0,1.989958442654643e-05,2.793172865252836e-05,6.062344217561133e-05,,0,17,1,0,-2.1541416369915013e-05,43.54163528545194
D4-R4,A,subsequent,e_y,18,18,0,0,0,18,-9.242158233547329e-06,0.00025138726765683175,0.0003970214533900729,,0,-4.342632603147878e-06,0.00013243701298332465,0.00018112380456267868,,0,18,0,0,-0.0001189502546735071,47.31753353391225
D4-R4,B,all,vx,19,19,0,0,0,19,0.0009768994013985683,0.0014093494186682132,0.00272516794618749,,0,0.0005551319138490385,0.0008608997601781639,0.0016394550475551384,,0,18,1,0,-0.0005484496584900493,38.91509452697085
D4-R4,B,all,vy,19,19,0,0,0,19,0.00023687704526115073,0.0020840200385996766,0.005477564786568662,,0,3.041108056420454e-05,0.00045803523694154963,0.0011794647721112828,,0,18,1,0,-0.001625984801658127,78.0215531301072
D4-R4,B,all,r,19,19,0,0,0,19,0.005341089977795956,0.12379321748486857,0.15499415261368354,,0,0.002156211705080218,0.0872390741929801,0.10745209965293107,,0,19,0,0,-0.03655414329188847,29.528389385595
D4-R4,B,all,e_psi,19,19,0,0,0,19,-3.772411967064103e-06,0.002555260815837483,0.0032283989299735083,,0,-6.962033147270724e-06,0.0014304358026169342,0.0018022878340668846,,0,19,0,0,-0.0011248250132205487,44.019968773789884
D4-R4,B,all,s_abs,19,19,0,0,0,19,3.8163220312452906e-05,5.1391598955993875e-05,0.000120278093884707,,0,2.0274302739974853e-05,2.9198320421165408e-05,6.698015541317659e-05,,0,17,2,0,-2.2193278534828468e-05,43.18464298772325
D4-R4,B,all,e_y,19,19,0,0,0,19,-7.802011597442315e-06,0.00023932773324025983,0.00033109583301745016,,0,-5.596604576505114e-06,0.00012915505122079046,0.00018112616232554557,,0,19,0,0,-0.00011017268201946937,46.034231189106535
D4-R4,B,first,vx,1,1,0,0,0,1,0.00038144420603902773,0.00038144420603902773,0.00038144420603902773,,0,0.0,0.0,0.0,,0,1,0,0,-0.00038144420603902773,100.0
D4-R4,B,first,vy,1,1,0,0,0,1,-0.0006768940290986514,0.0006768940290986514,0.0006768940290986514,,0,0.0,0.0,0.0,,0,1,0,0,-0.0006768940290986514,100.0
D4-R4,B,first,r,1,1,0,0,0,1,-0.011504648552539964,0.011504648552539964,0.011504648552539964,,0,-1.1102230246251565e-16,1.1102230246251565e-16,1.1102230246251565e-16,,0,1,0,0,-0.011504648552539853,99.99999999999903
D4-R4,B,first,e_psi,1,1,0,0,0,1,-7.809196437547072e-05,7.809196437547072e-05,7.809196437547072e-05,,0,-2.4733122574893684e-05,2.4733122574893684e-05,2.4733122574893684e-05,,0,1,0,0,-5.335884180057704e-05,68.3282104981053
D4-R4,B,first,s_abs,1,1,0,0,0,1,-2.0411681278531546e-07,2.0411681278531546e-07,2.0411681278531546e-07,,0,-2.2482682258129216e-06,2.2482682258129216e-06,2.2482682258129216e-06,,0,0,1,0,2.044151413027606e-06,-1001.4615577882795
D4-R4,B,first,e_y,1,1,0,0,0,1,-5.27500455919927e-06,5.27500455919927e-06,5.27500455919927e-06,,0,-1.0847563055443876e-06,1.0847563055443876e-06,1.0847563055443876e-06,,0,1,0,0,-4.190248253654882e-06,79.43591719456163
D4-R4,B,subsequent,vx,18,18,0,0,0,18,0.0010099802455852095,0.0014451749262015044,0.00272516794618749,,0,0.0005859725757295406,0.0008844904227991512,0.0016394550475551384,,0,17,1,0,-0.0005606845034023532,38.796999120103436
D4-R4,B,subsequent,vy,18,18,0,0,0,18,0.0002876421049478064,0.002135174535902361,0.005477564786568662,,0,3.210058503999368e-05,0.0004705864714092836,0.0011794647721112828,,0,17,1,0,-0.0016645880644930776,77.96028083435316
D4-R4,B,subsequent,r,18,18,0,0,0,18,0.006276964340592396,0.12715653001791533,0.15499415261368354,,0,0.002276001244251346,0.089629628426876,0.10745209965293107,,0,18,0,0,-0.03752690159103933,29.5123668330302
D4-R4,B,subsequent,e_psi,18,18,0,0,0,18,3.5645205562515355e-07,0.002625216398987523,0.0032283989299735083,,0,-5.974750401291671e-06,0.0014696215195947257,0.0018022878340668846,,0,18,0,0,-0.001155594879392797,44.019033243830094
D4-R4,B,subsequent,s_abs,18,18,0,0,0,18,4.029473904163281e-05,5.2799826787461696e-05,0.000120278093884707,,0,2.1525556682518616e-05,2.999374164620629e-05,6.698015541317659e-05,,0,17,1,0,-2.2806085141255406e-05,43.19348476853552
D4-R4,B,subsequent,e_y,18,18,0,0,0,18,-7.942400877344706e-06,0.00024588272818870817,0.00033109583301745016,,0,-5.847262813780711e-06,0.00013269395472389605,0.00018112616232554557,,0,18,0,0,-0.00011318877346481212,46.03364144306341
D3-ref,A,all,vx,19,19,0,0,0,19,0.00024016579290402,0.0004503346622954833,0.0010701718458232534,,0,5.924495734551496e-05,0.00032026170173781143,0.0012027439456439026,,0,18,1,0,-0.00013007296055767188,28.883621770230427
D3-ref,A,all,vy,19,19,0,0,0,19,-0.00017149823312718224,0.0016740952234104223,0.0022325669131919024,,0,-8.95724057991192e-05,0.0013938685075134277,0.0017361771956160843,,0,17,2,0,-0.00028022671589699464,16.738995009263824
D3-ref,A,all,r,19,19,0,0,0,19,-0.004047406728567166,0.04785987990973545,0.059603859466401676,,0,-0.0015638284081549976,0.025337489266472293,0.03142159289834845,,0,19,0,0,-0.022522390643263154,47.05902038563566
D3-ref,A,all,e_psi,19,19,0,0,0,19,-5.43316502267419e-05,0.0004688744472312826,0.0006264895178706986,,0,-2.8621125156114147e-05,0.00014476844609299355,0.0002385604231016636,,0,19,0,0,-0.000324106001138289,69.1242619537372
D3-ref,A,all,s_abs,19,19,0,0,0,19,6.8229256187569755e-06,9.363297321218562e-06,1.9452233868122448e-05,,0,1.6101183256853495e-06,4.013622959826194e-06,1.0838102162402663e-05,,0,17,2,0,-5.349674361392368e-06,57.13451338631794
D3-ref,A,all,e_y,19,19,0,0,0,19,-4.805965745805599e-06,4.0692493164247235e-05,5.612916152904733e-05,,0,-2.645483512880451e-06,1.2410145835028073e-05,2.155558867515152e-05,,0,19,0,0,-2.8282347329219162e-05,69.50261615837357
D3-ref,A,first,vx,1,1,0,0,0,1,0.00038144420603902773,0.00038144420603902773,0.00038144420603902773,,0,0.0,0.0,0.0,,0,1,0,0,-0.00038144420603902773,100.0
D3-ref,A,first,vy,1,1,0,0,0,1,-0.0006768940290986514,0.0006768940290986514,0.0006768940290986514,,0,0.0,0.0,0.0,,0,1,0,0,-0.0006768940290986514,100.0
D3-ref,A,first,r,1,1,0,0,0,1,-0.011504648552539964,0.011504648552539964,0.011504648552539964,,0,-1.1102230246251565e-16,1.1102230246251565e-16,1.1102230246251565e-16,,0,1,0,0,-0.011504648552539853,99.99999999999903
D3-ref,A,first,e_psi,1,1,0,0,0,1,-7.809196437547072e-05,7.809196437547072e-05,7.809196437547072e-05,,0,-2.4733122574893684e-05,2.4733122574893684e-05,2.4733122574893684e-05,,0,1,0,0,-5.335884180057704e-05,68.3282104981053
D3-ref,A,first,s_abs,1,1,0,0,0,1,-2.0411681278531546e-07,2.0411681278531546e-07,2.0411681278531546e-07,,0,-2.2482682258129216e-06,2.2482682258129216e-06,2.2482682258129216e-06,,0,0,1,0,2.044151413027606e-06,-1001.4615577882795
D3-ref,A,first,e_y,1,1,0,0,0,1,-5.27500455919927e-06,5.27500455919927e-06,5.27500455919927e-06,,0,-1.0847563055443876e-06,1.0847563055443876e-06,1.0847563055443876e-06,,0,1,0,0,-4.190248253654882e-06,79.43591719456163
D3-ref,A,subsequent,vx,18,18,0,0,0,18,0.00023231699217429735,0.0004538554083816054,0.0010701718458232534,,0,6.253634386471024e-05,0.0003290376198012064,0.0012027439456439026,,0,17,1,0,-0.000124817788580399,27.50166380642779
D3-ref,A,subsequent,vy,18,18,0,0,0,18,-0.00014342068890654504,0.0017125535838695002,0.0022325669131919024,,0,-9.454865056573693e-05,0.0014320637576688737,0.0017361771956160843,,0,16,2,0,-0.00028048982620062645,16.378455473893094
D3-ref,A,subsequent,r,18,18,0,0,0,18,-0.003633115516124232,0.04909652457500554,0.059603859466401676,,0,-0.0016507077641636026,0.02603179560571966,0.03142159289834845,,0,18,0,0,-0.02306472896928588,46.97833333202542
D3-ref,A,subsequent,e_psi,18,18,0,0,0,18,-5.3011632774034747e-05,0.00048137092092171476,0.0006264895178706986,,0,-2.8837125299515282e-05,0.00014862114948700848,0.0002385604231016636,,0,18,0,0,-0.0003327497714347063,69.12544089650594
D3-ref,A,subsequent,s_abs,18,18,0,0,0,18,7.2133168649537695e-06,9.619753213836084e-06,1.9452233868122448e-05,,0,1.8244731341019203e-06,4.089413880809515e-06,1.0838102162402663e-05,,0,17,1,0,-5.5303393330265685e-06,57.48940965629228
D3-ref,A,subsequent,e_y,18,18,0,0,0,18,-4.779908033950394e-06,4.178907042478949e-05,5.612916152904733e-05,,0,-2.732190579954677e-06,1.274764897070177e-05,2.155558867515152e-05,,0,18,0,0,-2.9041421454087723e-05,69.49525595778795
D3-ref,B,all,vx,19,19,0,0,0,19,0.00023263277642418095,0.00044130666231841233,0.0010710279878480833,,0,5.5140545772515205e-05,0.0003173812888515825,0.00120356357119622,,0,18,1,0,-0.00012392537346682983,28.081464443746597
D3-ref,B,all,vy,19,19,0,0,0,19,-0.0001497849157738811,0.0016781090853661006,0.0022325885913591637,,0,-8.221410448027134e-05,0.001390417355718313,0.0017362003769541001,,0,17,2,0,-0.0002876917296477876,17.143803829953285
D3-ref,B,all,r,19,19,0,0,0,19,-0.0036484202729897947,0.047846170557428125,0.059627720761456615,,0,-0.001455839969812832,0.02527388111867619,0.03143258321402698,,0,19,0,0,-0.022572289438751936,47.17679424659323
D3-ref,B,all,e_psi,19,19,0,0,0,19,-5.20964242793675e-05,0.00046795994002550784,0.0006264929721235823,,0,-2.8301004780409567e-05,0.00014456057913849292,0.00023856148385315024,,0,19,0,0,-0.0003233993608870149,69.10834309222855
D3-ref,B,all,s_abs,19,19,0,0,0,19,6.73692412228296e-06,9.232236050172292e-06,1.914858347973336e-05,,0,1.5791098991921764e-06,3.9790347530339555e-06,1.0844376237884035e-05,,0,17,2,0,-5.2532012971383365e-06,56.90063889820387
D3-ref,B,all,e_y,19,19,0,0,0,19,-4.619972468259725e-06,4.064894991783661e-05,5.612933988467794e-05,,0,-2.6194757346278928e-06,1.2404095446112578e-05,2.1555344933506596e-05,,0,19,0,0,-2.824485447172403e-05,69.48483178240798
D3-ref,B,first,vx,1,1,0,0,0,1,0.00038144420603902773,0.00038144420603902773,0.00038144420603902773,,0,0.0,0.0,0.0,,0,1,0,0,-0.00038144420603902773,100.0
D3-ref,B,first,vy,1,1,0,0,0,1,-0.0006768940290986514,0.0006768940290986514,0.0006768940290986514,,0,0.0,0.0,0.0,,0,1,0,0,-0.0006768940290986514,100.0
D3-ref,B,first,r,1,1,0,0,0,1,-0.011504648552539964,0.011504648552539964,0.011504648552539964,,0,-1.1102230246251565e-16,1.1102230246251565e-16,1.1102230246251565e-16,,0,1,0,0,-0.011504648552539853,99.99999999999903
D3-ref,B,first,e_psi,1,1,0,0,0,1,-7.809196437547072e-05,7.809196437547072e-05,7.809196437547072e-05,,0,-2.4733122574893684e-05,2.4733122574893684e-05,2.4733122574893684e-05,,0,1,0,0,-5.335884180057704e-05,68.3282104981053
D3-ref,B,first,s_abs,1,1,0,0,0,1,-2.0411681278531546e-07,2.0411681278531546e-07,2.0411681278531546e-07,,0,-2.2482682258129216e-06,2.2482682258129216e-06,2.2482682258129216e-06,,0,0,1,0,2.044151413027606e-06,-1001.4615577882795
D3-ref,B,first,e_y,1,1,0,0,0,1,-5.27500455919927e-06,5.27500455919927e-06,5.27500455919927e-06,,0,-1.0847563055443876e-06,1.0847563055443876e-06,1.0847563055443876e-06,,0,1,0,0,-4.190248253654882e-06,79.43591719456163
D3-ref,B,subsequent,vx,18,18,0,0,0,18,0.00022436547477891169,0.00044439597905502796,0.0010710279878480833,,0,5.820390942654383e-05,0.0003260782768795061,0.00120356357119622,,0,17,1,0,-0.00011831770217552188,26.62438630230518
D3-ref,B,subsequent,vy,18,18,0,0,0,18,-0.00012050107614472719,0.001716695249256343,0.0022325885913591637,,0,-8.67815547291753e-05,0.0014285180362601775,0.0017362003769541001,,0,16,2,0,-0.00028817721299616555,16.786742616140018
D3-ref,B,subsequent,r,18,18,0,0,0,18,-0.0032119631463481185,0.04908241808138298,0.059627720761456615,,0,-0.001536719968135761,0.025966444446223452,0.03143258321402698,,0,18,0,0,-0.023115973635159527,47.096240443637484
D3-ref,B,subsequent,e_psi,18,18,0,0,0,18,-5.0652227607361766e-05,0.00048043066611605197,0.0006264929721235823,,0,-2.8499220458493786e-05,0.0001484074220261328,0.00023856148385315024,,0,18,0,0,-0.00033202324408991915,69.10950268310229
D3-ref,B,subsequent,s_abs,18,18,0,0,0,18,7.12253750756453e-06,9.485098850192615e-06,1.914858347973336e-05,,0,1.7917420172480153e-06,4.053578143210076e-06,1.0844376237884035e-05,,0,17,1,0,-5.4315207069825395e-06,57.26372273782092
D3-ref,B,subsequent,e_y,18,18,0,0,0,18,-4.583581796540861e-06,4.1744314174330254e-05,5.612933988467794e-05,,0,-2.704737925132532e-06,1.274143153619266e-05,2.1555344933506596e-05,,0,18,0,0,-2.9002882638137594e-05,69.47744432215939
