case,state,n,pending,A_mean_signed,A_rms,A_max_abs,A_p95_abs,B_mean_signed,B_rms,B_max_abs,B_p95_abs,rms_improvement_percent
gamma1.8_A,vx,19,19,0.00018155268566024207,0.0003410640829983928,0.0007840032151262832,,4.542467682430571e-05,0.000235677961637752,0.0008743300910598606,,30.89921414009971
gamma1.8_A,vy,19,19,-0.00015334888071077933,0.002036701653153293,0.0025405558215852997,,-0.00010109036273395914,0.0015201216650334338,0.0018307168404443075,,25.363557167053496
gamma1.8_A,r,19,19,-0.0037018449653721617,0.04946792115506102,0.058766016141252875,,-0.0017410182749121692,0.02605342390385205,0.031108823910887207,,47.332688951723725
gamma1.8_A,e_psi,19,19,-5.369249131299313e-05,0.00048332927526121617,0.0006046538353046138,,-2.7586538896457196e-05,0.00014962556428883147,0.00022935353580688655,,69.04272678124741
gamma1.8_A,s_abs,19,19,6.50033326181281e-06,9.087242167470577e-06,2.0568062314652025e-05,,1.5303991108769753e-06,3.544117715485537e-06,7.822258214496003e-06,,60.99897361410322
gamma1.8_A,e_y,19,19,-4.521238342535482e-06,4.2251235292782876e-05,5.393818585370733e-05,,-2.346143706725654e-06,1.2732859501237509e-05,1.9722747222256087e-05,,69.8639355441225
gamma1.8_B,vx,19,19,0.00017823010488178013,0.000336533106983115,0.0007848690171794459,,4.3241790017742165e-05,0.00023411996281592963,0.0008751712701968728,,30.43181845770787
gamma1.8_B,vy,19,19,-0.00014879027895869804,0.002033697137289721,0.00254057189620438,,-9.884366002025963e-05,0.0015182506215528622,0.0018307354186294922,,25.345293863361917
gamma1.8_B,r,19,19,-0.003643423414496142,0.04940924486115314,0.058789360734779805,,-0.0017016937511731241,0.026018136238821633,0.031120619839911434,,47.34156267326849
gamma1.8_B,e_psi,19,19,-5.350495879987237e-05,0.0004830155566929276,0.0006046563436186148,,-2.7327767246080502e-05,0.00014941852206500512,0.00022935281196412305,,69.06548453883516
gamma1.8_B,s_abs,19,19,6.448955224713197e-06,9.005159128800207e-06,2.0461946149907817e-05,,1.5120770397885882e-06,3.520785810912865e-06,7.82864985282572e-06,,60.902569731913744
gamma1.8_B,e_y,19,19,-4.503126755183229e-06,4.2242254254228016e-05,5.393836268707472e-05,,-2.3235536353459254e-06,1.2721738478251288e-05,1.9722428019182392e-05,,69.88385515202951
gamma2_A,vx,19,19,0.00024016579290402,0.0004503346622954833,0.0010701718458232534,,5.924495734551496e-05,0.00032026170173781143,0.0012027439456439026,,28.883621770230427
gamma2_A,vy,19,19,-0.00017149823312718224,0.0016740952234104223,0.0022325669131919024,,-8.95724057991192e-05,0.0013938685075134277,0.0017361771956160843,,16.738995009263824
gamma2_A,r,19,19,-0.004047406728567166,0.04785987990973545,0.059603859466401676,,-0.0015638284081549976,0.025337489266472293,0.03142159289834845,,47.05902038563566
gamma2_A,e_psi,19,19,-5.43316502267419e-05,0.0004688744472312826,0.0006264895178706986,,-2.8621125156114147e-05,0.00014476844609299355,0.0002385604231016636,,69.1242619537372
gamma2_A,s_abs,19,19,6.8229256187569755e-06,9.363297321218562e-06,1.9452233868122448e-05,,1.6101183256853495e-06,4.013622959826194e-06,1.0838102162402663e-05,,57.13451338631794
gamma2_A,e_y,19,19,-4.805965745805599e-06,4.0692493164247235e-05,5.612916152904733e-05,,-2.645483512880451e-06,1.2410145835028073e-05,2.155558867515152e-05,,69.50261615837357
gamma2_B,vx,19,19,0.00023263277642418095,0.00044130666231841233,0.0010710279878480833,,5.5140545772515205e-05,0.0003173812888515825,0.00120356357119622,,28.081464443746597
gamma2_B,vy,19,19,-0.0001497849157738811,0.0016781090853661006,0.0022325885913591637,,-8.221410448027134e-05,0.001390417355718313,0.0017362003769541001,,17.143803829953285
gamma2_B,r,19,19,-0.0036484202729897947,0.047846170557428125,0.059627720761456615,,-0.001455839969812832,0.02527388111867619,0.03143258321402698,,47.17679424659323
gamma2_B,e_psi,19,19,-5.20964242793675e-05,0.00046795994002550784,0.0006264929721235823,,-2.8301004780409567e-05,0.00014456057913849292,0.00023856148385315024,,69.10834309222855
gamma2_B,s_abs,19,19,6.73692412228296e-06,9.232236050172292e-06,1.914858347973336e-05,,1.5791098991921764e-06,3.9790347530339555e-06,1.0844376237884035e-05,,56.90063889820387
gamma2_B,e_y,19,19,-4.619972468259725e-06,4.064894991783661e-05,5.612933988467794e-05,,-2.6194757346278928e-06,1.2404095446112578e-05,2.1555344933506596e-05,,69.48483178240798
