plan_id,release_time,target_time,active_plan_id,pending,pending_application_time,readiness_minus_target,accepted_handoff_minus_target,case,truth_kind,A_error_vx,A_error_vy,A_error_r,A_error_e_psi,A_error_s_abs,A_error_e_y,B_error_vx,B_error_vy,B_error_r,B_error_e_psi,B_error_s_abs,B_error_e_y
1,0.09999999999999999,0.11699999999999999,0,True,0.11499999999999999,0.018000000000000016,0.018000000000000016,gamma1.8_A,reconstructed_rk4,0.000297328243803463,-0.0007259928977262908,-0.011637144032241808,-7.387482611065366e-05,-1.2494722856359886e-07,-5.134983300639218e-06,0.0,0.0,1.1102230246251565e-16,-1.9713186960146345e-05,-1.8030468780239062e-06,-7.777091306782058e-07
2,0.2,0.23500000000000001,1,True,0.21500000000000002,0.0,-2.7755575615628914e-17,gamma1.8_A,recorded_event,-0.0007840032151262832,-0.0025405558215852997,-0.05587072524032999,-0.0005928908494432505,-3.6406786647624756e-06,-5.369263574672711e-05,-0.0008743300910598606,-0.0018307168404443075,-0.029422079719445188,-0.00021340889044374478,-7.822258214496003e-06,-1.9309146529297716e-05
3,0.3,0.33499999999999996,2,True,0.315,0.0,0.0,gamma1.8_A,recorded_event,5.795184952361865e-05,-0.0024585858137518846,-0.055990178771736954,-0.0006046538353046138,2.9992695473879394e-06,-5.393818585370733e-05,1.5305750737049095e-05,-0.0017820464990858653,-0.029694546216953666,-0.00022262352003066255,3.9471837798288334e-08,-1.8980451848300134e-05
4,0.4,0.43500000000000005,3,True,0.41500000000000004,0.0,-5.551115123125783e-17,gamma1.8_A,recorded_event,9.34060253516833e-05,0.002426619019634868,0.05638862024810787,0.0004873857503544521,7.073180929850764e-07,4.419332752567264e-05,4.3338632150558e-05,0.0017719463270278735,0.02983221190231522,0.00010629754907398592,3.123015743788926e-07,9.384044593635944e-06
5,0.5,0.535,4,True,0.515,0.0,0.0,gamma1.8_A,recorded_event,0.0001300712008900362,0.002443797886547444,0.0574530975508911,0.0004949745055986554,3.321941144385221e-06,4.470973354215365e-05,4.6591704309761894e-05,0.0018010302407922563,0.030452333424740595,0.00010680013528929777,7.045427405927285e-07,9.33839687180995e-06
6,0.6,0.635,5,True,0.615,0.0,0.0,gamma1.8_A,recorded_event,3.519280934671798e-05,0.002298719698685177,0.05510991125580911,0.000475997020739527,5.956717439303816e-07,4.314464503398993e-05,1.1820946018481493e-05,0.0017120000301558882,0.029118948422370394,9.812272742992789e-05,-1.0569555168871148e-06,8.570813521759785e-06
7,0.7000000000000001,0.7350000000000001,6,True,0.7150000000000001,0.0,-1.1102230246251565e-16,gamma1.8_A,recorded_event,0.0001648079980975936,-0.002269177311840842,-0.055338331125399653,-0.0006031520404876645,8.214093272229661e-07,-5.357743069709514e-05,7.636856033599315e-05,-0.0016955322901325565,-0.029140229169740017,-0.00022935353580688655,-1.0999620609908334e-06,-1.9722747222256087e-05
8,0.8,0.8350000000000001,7,True,0.8150000000000001,0.0,0.0,gamma1.8_A,recorded_event,0.00023640555993686974,-0.002338670420050093,-0.05716635871048428,-0.0005641532260218796,7.066248528531105e-06,-5.10412214219675e-05,9.598217519091179e-05,-0.0017566717918590657,-0.03021273237031466,-0.00017940792075332723,2.0573575483240347e-06,-1.6506723950020924e-05
9,0.9,0.935,8,True,0.915,0.0,0.0,gamma1.8_A,recorded_event,0.00010408911173964697,-0.0023512725521213085,-0.057497634051227986,-0.0005553213713054284,6.516861096095283e-06,-4.951677847662983e-05,3.6399720219293386e-05,-0.001772413358721317,-0.030416167011242612,-0.0001637066752731009,1.6753942970737512e-06,-1.4041983277868209e-05
10,1.0,1.035,9,True,1.015,0.0,-6.661338147750939e-16,gamma1.8_A,recorded_event,-3.280790224824415e-05,-0.001850765738033,-0.04726078319282889,-0.00046376284493954145,1.6289606437069892e-06,-4.144175568635e-05,4.469507402404815e-06,-0.001418892891985879,-0.02463183271609104,-0.00013233307794413562,5.885567677665904e-08,-1.1397031772636401e-05
11,1.0999999999999979,1.1349999999999978,10,True,1.1149999999999978,0.0,-6.661338147750939e-16,gamma1.8_A,recorded_event,0.00038870468255680635,0.0016987672402881682,0.04445493894152963,0.00043648880379398847,5.099264689611971e-06,3.76611166184454e-05,0.0001925091414110014,0.0012953108734100605,0.023031469864050802,0.00013534364717404657,1.3603576283216512e-06,1.1303391188696721e-05
12,1.1999999999999957,1.2349999999999957,11,True,1.2149999999999956,0.0,-6.661338147750939e-16,gamma1.8_A,recorded_event,0.0005015243444566053,0.0017566275295778366,0.04569422562454317,0.00044413695404710296,1.0878253820401085e-05,3.682424898791836e-05,0.00022403653488645148,0.001341004533094714,0.023804508315561246,0.00013874502720012671,3.0720066490630416e-06,1.1184619496631965e-05
13,1.2999999999999936,1.3349999999999935,12,True,1.3149999999999935,0.0,-6.661338147750939e-16,gamma1.8_A,recorded_event,0.0004177989240483626,0.0021662396360647707,0.05399860063716139,0.0005234900617461236,1.5024411507802427e-05,4.358319856127141e-05,0.00016687974259443905,0.0016383587990788095,0.028472246391717998,0.000164305653900243,4.529372909622964e-06,1.3295222354362327e-05
14,1.3999999999999915,1.4349999999999914,13,True,1.4149999999999914,0.0,-6.661338147750939e-16,gamma1.8_A,recorded_event,0.00020472489771705682,0.002418540440361855,0.058766016141252875,0.0005799065179790119,1.520011153388623e-05,4.9914257619076974e-05,8.097514264449046e-05,0.0018172865162319474,0.031108823910887207,0.00018028825195504083,4.932629227738516e-06,1.497372450116885e-05
15,1.4999999999999893,1.5349999999999893,14,True,1.5149999999999892,0.0,-6.661338147750939e-16,gamma1.8_A,recorded_event,-5.426216490622693e-05,0.0018601348545542462,0.046897425766589285,0.00047470928167614446,7.6219619202788635e-06,4.187836800387257e-05,-8.294506224970633e-06,0.0014131938640916386,0.024393688177921202,0.0001438750992219795,3.1200224235305996e-06,1.2254013053769608e-05
16,1.5999999999999872,1.6349999999999871,15,True,1.6149999999999871,0.0,-6.661338147750939e-16,gamma1.8_A,recorded_event,0.00023946863918933303,-0.0003994618783998982,-0.020381921611738463,-0.00027715912315962044,3.290308576708867e-06,-2.428329319276168e-05,0.0001238323212282566,-0.0006501328435791764,-0.012958201076851417,-8.394577292092364e-05,2.53925601434446e-06,-7.073179997318935e-06
17,1.699999999999985,1.734999999999985,16,True,1.714999999999985,0.0,-6.661338147750939e-16,gamma1.8_A,recorded_event,0.0005030477383920484,-0.0012806314925108975,-0.03390411502352797,-0.00031874420968902584,1.0754277274926949e-05,-2.58317312297196e-05,0.00023792956587342928,-0.0009712643552785005,-0.01744006932111275,-9.111558008978449e-05,4.610213478528635e-06,-7.1095541872567836e-06
18,1.799999999999983,1.8349999999999829,17,True,1.8149999999999828,0.0,-6.661338147750939e-16,gamma1.8_A,recorded_event,0.0005043605871426493,-0.001567952857833954,-0.04015136962720822,-0.000374228561434542,1.5177626105256081e-05,-2.9202612914419612e-05,0.0002125312226279874,-0.0011841338459220863,-0.020905513992990787,-0.00010973424081406336,5.427951172976009e-06,-8.306937470919928e-06
19,1.8999999999999808,1.9349999999999807,18,True,1.9149999999999807,0.0,-6.661338147750939e-16,gamma1.8_A,recorded_event,0.0004416916976328622,-0.002200008255365704,-0.053899329121231264,-0.0005093053429856553,2.0568062314652025e-05,-4.015179588055806e-05,0.0001767227893161305,-0.0016490433588196574,-0.028472206038153862,-0.0001525799292405594,6.420072597990156e-06,-1.1655490623069253e-05
1,0.09999999999999999,0.11699999999999999,0,True,0.11499999999999999,0.018000000000000016,0.018000000000000016,gamma1.8_B,reconstructed_rk4,0.000297328243803463,-0.0007259928977262908,-0.011637144032241808,-7.387482611065366e-05,-1.2494722856359886e-07,-5.134983300639218e-06,0.0,0.0,1.1102230246251565e-16,-1.9713186960146345e-05,-1.8030468780239062e-06,-7.777091306782058e-07
2,0.2,0.23500000000000001,1,True,0.21500000000000002,0.0,-2.7755575615628914e-17,gamma1.8_B,recorded_event,-0.0007848690171794459,-0.00254057189620438,-0.055870140714377264,-0.0005928852448042754,-3.6476005287333635e-06,-5.369343703980761e-05,-0.0008751712701968728,-0.0018307354186294922,-0.029421566464024523,-0.00021340469711983445,-7.82864985282572e-06,-1.9309974818811082e-05
3,0.3,0.33499999999999996,2,True,0.315,0.0,0.0,gamma1.8_B,recorded_event,5.797901784809767e-05,-0.0024585937792196977,-0.05599042535604737,-0.0006046563436186148,2.999589929775226e-06,-5.393836268707472e-05,1.53230479069677e-05,-0.0017820536388106906,-0.029694676585410806,-0.00022262431997788212,3.9585683619947076e-08,-1.898051100171841e-05
4,0.4,0.43500000000000005,3,True,0.41500000000000004,0.0,-5.551115123125783e-17,gamma1.8_B,recorded_event,9.354653926862966e-05,0.002426623660143401,0.05638876364317691,0.0004873875513955461,7.090347406979447e-07,4.419340898300706e-05,4.342786526123632e-05,0.0017719487550168223,0.029832302471231587,0.00010629832024866559,3.1290230095848415e-07,9.384082165322645e-06
5,0.5,0.535,4,True,0.515,0.0,0.0,gamma1.8_B,recorded_event,0.00013010476691377448,0.002443828992288094,0.057453497513507736,0.0004949792759476601,3.32237474109931e-06,4.47101181382829e-05,4.6612728230144285e-05,0.0018010477320691276,0.030452557922659877,0.00010680216873293347,7.046796208776129e-07,9.338581421399102e-06
6,0.6,0.635,5,True,0.615,0.0,0.0,gamma1.8_B,recorded_event,3.5501029401530104e-05,0.002298786162654271,0.05511051473589723,0.00047600472413389383,5.994882847915051e-07,4.314523139514054e-05,1.2016011797122417e-05,0.0017120341239248594,0.029119270821134746,9.812632636174712e-05,-1.0555937981493457e-06,8.571157409955482e-06
7,0.7000000000000001,0.7350000000000001,6,True,0.7150000000000001,0.0,-1.1102230246251565e-16,gamma1.8_B,recorded_event,0.00016509602595959905,-0.0022692318204800555,-0.05533873216809093,-0.0006031542870923445,8.249204634935836e-07,-5.3577181331310175e-05,7.655305907583454e-05,-0.0016955531040484528,-0.029140512281514153,-0.00022935281196412305,-1.0986872833740335e-06,-1.9722428019182392e-05
8,0.8,0.8350000000000001,7,True,0.8150000000000001,0.0,0.0,gamma1.8_B,recorded_event,0.00023186864218160963,-0.0023390976819321896,-0.05716648500359331,-0.0005641626900487751,7.011722736649517e-06,-5.105291730887057e-05,9.310095709036403e-05,-0.0017568949805321643,-0.030212508786563036,-0.0001794211471031204,2.0378427310063785e-06,-1.6512374891294868e-05
9,0.9,0.935,8,True,0.915,0.0,0.0,gamma1.8_B,recorded_event,0.00010458822228631703,-0.0023516071481335665,-0.05750031993193161,-0.0005553492071794786,6.523291033566636e-06,-4.951834715549719e-05,3.67121588453756e-05,-0.0017725736371256573,-0.03041772198474435,-0.00016371655319113998,1.6777123033051566e-06,-1.4042578353148927e-05
10,1.0,1.035,9,True,1.015,0.0,-6.661338147750939e-16,gamma1.8_B,recorded_event,-3.130613763158152e-05,-0.0018513139093045694,-0.04726429156470324,-0.0004637950736201546,1.6474724242598882e-06,-4.144484494585099e-05,5.412794392256615e-06,-0.001419159628659905,-0.024633607790444545,-0.00013234334976175433,6.553793330255075e-08,-1.1398181719454725e-05
11,1.0999999999999979,1.1349999999999978,10,True,1.1149999999999978,0.0,-6.661338147750939e-16,gamma1.8_B,recorded_event,0.00038946710062859324,0.001699175039577061,0.044459066938122405,0.0004365311608767186,5.109478952824986e-06,3.766293068065141e-05,0.0001930055131404984,0.0012954954614524672,0.02303405747092513,0.00013535751087090375,1.3641313358903062e-06,1.1303726185352136e-05
12,1.1999999999999957,1.2349999999999957,11,True,1.2149999999999956,0.0,-6.661338147750939e-16,gamma1.8_B,recorded_event,0.00048402919683887546,0.0017574337758432534,0.045650541192906235,0.00044362055619728835,1.0671874763445999e-05,3.685775499559507e-05,0.00021304376432240701,0.0013411129740346084,0.023778446239730244,0.00013857301912523212,2.9985790011011204e-06,1.1198550348007208e-05
13,1.2999999999999936,1.3349999999999935,12,True,1.3149999999999935,0.0,-6.661338147750939e-16,gamma1.8_B,recorded_event,0.00040387508570916,0.0021667483956475664,0.053993283914280515,0.0005233984439230177,1.4857856641015132e-05,4.364803587736735e-05,0.00015822008122778897,0.0016388165012274358,0.028467977391478577,0.00016427293404364107,4.471018047347286e-06,1.3317696620395586e-05
14,1.3999999999999915,1.4349999999999914,13,True,1.4149999999999914,0.0,-6.661338147750939e-16,gamma1.8_B,recorded_event,0.00020115716291346786,0.0024184505909899956,0.058789360734779805,0.0005801527803606099,1.5145681127037847e-05,4.9952114684795323e-05,7.884786847522918e-05,0.001817706984354045,0.031120619839911434,0.00018036023461753814,4.9146978611247505e-06,1.498553639295297e-05
15,1.4999999999999893,1.5349999999999893,14,True,1.5149999999999892,0.0,-6.661338147750939e-16,gamma1.8_B,recorded_event,-5.215159313642914e-05,0.0018598029257715365,0.04689350511940127,0.000474670584792225,7.627917490538039e-06,4.1873365375894034e-05,-6.863403636536702e-06,0.0014130571360628785,0.02439064172856442,0.00014385754209156332,3.12322723416969e-06,1.2252455039774013e-05
16,1.5999999999999872,1.6349999999999871,15,True,1.6149999999999871,0.0,-6.661338147750939e-16,gamma1.8_B,recorded_event,0.00024121077975713945,-0.000378943796265685,-0.020681036124067464,-0.0002874985530811891,3.269245583581437e-06,-2.521060983634582e-05,0.00012142587165442364,-0.0006548096470757603,-0.01297553655255812,-8.335246828039544e-05,2.5193980537352445e-06,-7.025754082068403e-06
17,1.699999999999985,1.734999999999985,16,True,1.714999999999985,0.0,-6.661338147750939e-16,gamma1.8_B,recorded_event,0.0005057342024601397,-0.0012683955820986803,-0.033617270298788915,-0.00031607356816154564,1.0751544357034959e-05,-2.5586137208599702e-05,0.00024107411238727394,-0.0009619821595771016,-0.017289542510611433,-9.030357108397169e-05,4.616728165984796e-06,-7.032594553257887e-06
18,1.799999999999983,1.8349999999999829,17,True,1.8149999999999828,0.0,-6.661338147750939e-16,gamma1.8_B,recorded_event,0.0004787151043279536,-0.001537075655337783,-0.03937218601890946,-0.00036657467115608355,1.4769257607127884e-05,-2.8678531529269247e-05,0.0001974541143283659,-0.0011609961697151006,-0.02048266833134138,-0.00010732465057428087,5.2894560944594105e-06,-8.153022583973213e-06
19,1.8999999999999808,1.9349999999999807,18,True,1.9149999999999807,0.0,-6.661338147750939e-16,gamma1.8_B,recorded_event,0.0004344976204029294,-0.002177040676427544,-0.05352554745474743,-0.0005053148299514199,2.0461946149907817e-05,-3.9767016135949795e-05,0.00017139873603522204,-0.0016344908243528522,-0.028259713870713146,-0.00015131887775110542,6.379945201473447e-06,-1.1544175501143616e-05
1,0.09999999999999999,0.11699999999999999,0,True,0.11499999999999999,0.018000000000000016,0.018000000000000016,gamma2_A,reconstructed_rk4,0.00038144420603902773,-0.0006768940290986514,-0.011504648552539964,-7.809196437547072e-05,-2.0411681278531546e-07,-5.27500455919927e-06,0.0,0.0,-1.1102230246251565e-16,-2.4733122574893684e-05,-2.2482682258129216e-06,-1.0847563055443876e-06
2,0.2,0.23500000000000001,1,True,0.21500000000000002,0.0,-2.7755575615628914e-17,gamma2_A,recorded_event,-0.0010701718458232534,-0.0022325669131919024,-0.05538899250223073,-0.000599385670616126,-6.225864349840293e-06,-5.5006855888523054e-05,-0.0012027439456439026,-0.0017361771956160843,-0.028793407902586582,-0.0002216106670522855,-1.0838102162402663e-05,-2.1133145413160248e-05
3,0.3,0.33499999999999996,2,True,0.315,0.0,0.0,gamma2_A,recorded_event,8.741771733955517e-05,-0.0021683845231274257,-0.05689644154303919,-0.0006264895178706986,3.752043007398953e-06,-5.612916152904733e-05,2.430172027967359e-05,-0.0016999550468439623,-0.030011883740688083,-0.0002385604231016636,3.5694122146878726e-07,-2.0878018955006183e-05
4,0.4,0.43500000000000005,3,True,0.41500000000000004,0.0,-5.551115123125783e-17,gamma2_A,recorded_event,0.00012383868040011237,0.0021062723710992826,0.056741237958447766,0.00047444926773199114,1.4681652826809e-06,4.217265916814199e-05,5.7979913194117216e-05,0.0016688502222747814,0.029830024110310105,9.073865672570847e-05,1.1984619314731049e-06,7.332013895975167e-06
5,0.5,0.535,4,True,0.515,0.0,0.0,gamma2_A,recorded_event,0.0001776366495116477,0.00211873691194972,0.05794038345559715,0.0004820951837394283,4.6219408060821365e-06,4.256405427835279e-05,6.261707127741545e-05,0.0016990333359723497,0.030527182057946356,9.12270888422384e-05,1.8986851531010984e-06,7.215650733430334e-06
6,0.6,0.635,5,True,0.615,0.0,0.0,gamma2_A,recorded_event,4.5667529462889433e-05,0.0012655734814532582,0.045669636910395384,0.00044356621285457365,1.4899118534472677e-06,3.945328430605098e-05,1.3606473805438668e-05,0.0016352945984568906,0.029557321453406615,8.488100375325658e-05,-7.056664852456151e-08,6.6296374100389965e-06
7,0.7000000000000001,0.7350000000000001,6,True,0.7150000000000001,0.0,-1.1102230246251565e-16,gamma2_A,recorded_event,0.00022380245673847554,-0.0019450683666503155,-0.0556554993509949,-0.0006066972889158251,2.955606907661945e-06,-5.540948620684147e-05,0.00010693716572696133,-0.0015913704589428646,-0.029130196306940026,-0.00023035153080952497,4.845412933107696e-07,-2.155558867515152e-05
8,0.8,0.8350000000000001,7,True,0.8150000000000001,0.0,0.0,gamma2_A,recorded_event,0.00031825208399638427,-0.0019986611882500394,-0.057373450937243414,-0.0005452236951009048,8.314464516878672e-06,-4.757629276259945e-05,0.0001304434835178725,-0.0016446145661885292,-0.03013811713575637,-0.0001595364173252456,2.408010034926633e-06,-1.3381512272883644e-05
9,0.9,0.935,8,True,0.915,0.0,0.0,gamma2_A,recorded_event,0.00014556535439425033,-0.0020519385209502583,-0.05865281721907856,-0.000563578765453876,7.451959958437726e-06,-4.973042972961084e-05,5.041302130770475e-05,-0.001693059910008815,-0.030872365478849972,-0.00016459748926367368,1.6786943710656033e-06,-1.3946414543941632e-05
10,1.0,1.035,9,True,1.015,0.0,-6.661338147750939e-16,gamma2_A,recorded_event,-6.029314664690588e-05,-0.0015404994508412262,-0.04675039432282757,-0.0004588269849792326,1.5751667019614501e-06,-4.070582145890289e-05,-2.9938849994692873e-06,-0.001308658408170682,-0.024181540748374752,-0.00012866283371959497,-3.288090582032055e-07,-1.0963302659344754e-05
11,1.0999999999999979,1.1349999999999978,10,True,1.1149999999999978,0.0,-6.661338147750939e-16,gamma2_A,recorded_event,0.00044902485386622004,0.0013046876450950595,0.04080611207070506,0.00040281770960604035,4.043578713641693e-06,3.453278594459097e-05,0.0002187476493853424,0.001099386849468753,0.020934832694038175,0.0001250262499450372,6.303553421460606e-07,1.0443462668680015e-05
12,1.1999999999999957,1.2349999999999957,11,True,1.2149999999999956,0.0,-6.661338147750939e-16,gamma2_A,recorded_event,0.0006609831650266074,0.0012731329473721908,0.04000948827830042,0.00039038326468920914,1.0525550492523905e-05,3.138831534546527e-05,0.00030397036688523116,0.0010762919440026053,0.020640781152635457,0.0001224529818917297,2.5466579556265856e-06,9.64427120578315e-06
13,1.2999999999999936,1.3349999999999935,12,True,1.3149999999999935,0.0,-6.661338147750939e-16,gamma2_A,recorded_event,0.0005844212780576896,0.0016563855506964709,0.04903066183257043,0.0004725703772310297,1.4922809533857162e-05,3.79887356669259e-05,0.00023640668239721663,0.001374798324389248,0.02563099535621699,0.00014904740203514066,4.1318228216624675e-06,1.1777519381937773e-05
14,1.3999999999999915,1.4349999999999914,13,True,1.4149999999999914,0.0,-6.661338147750939e-16,gamma2_A,recorded_event,0.0003574518884317257,0.002102291623650887,0.059603859466401676,0.000583775087851901,1.7391925647203266e-05,4.9031470455318527e-05,0.00013961505828685716,0.001724735052521631,0.03142159289834845,0.0001823762821571151,5.383550449877816e-06,1.489772315221849e-05
15,1.4999999999999893,1.5349999999999893,14,True,1.5149999999999892,0.0,-6.661338147750939e-16,gamma2_A,recorded_event,-2.5337018256799126e-05,0.0016580460938400432,0.049063513837669825,0.0004982178242607382,9.744998513028236e-06,4.359403917614246e-05,9.028638757513363e-06,0.0013865812194440164,0.02538834362856157,0.00015074326144137729,3.736866281300877e-06,1.2787763636085137e-05
16,1.5999999999999872,1.6349999999999871,15,True,1.6149999999999871,0.0,-6.661338147750939e-16,gamma2_A,recorded_event,0.0003480007520195727,-0.0005126682233066449,-0.025226913155962816,-0.0002966484473976294,3.4746605734881086e-06,-2.5570048360068487e-05,0.000182156279011636,-0.0007105574720297492,-0.014408858895517351,-8.264752555620092e-05,2.896426249066053e-06,-6.829482177006518e-06
17,1.699999999999985,1.734999999999985,16,True,1.714999999999985,0.0,-6.661338147750939e-16,gamma2_A,recorded_event,0.0006355587947162178,-0.0008786108199398956,-0.02814831812297469,-0.00026380295852046487,1.1025638700701279e-05,-2.0627260970906836e-05,0.00031165259549847946,-0.0007384889882711132,-0.014348634936490523,-7.309748497386082e-05,5.068620817283431e-06,-5.3986279159312645e-06
18,1.799999999999983,1.8349999999999829,17,True,1.8149999999999828,0.0,-6.661338147750939e-16,gamma2_A,recorded_event,0.0005950843422022345,-0.0010554094817822879,-0.03189942661721901,-0.00029339180049525737,1.3854912841892997e-05,-2.1927014031919434e-05,0.0002522040080190635,-0.0008712352376385457,-0.01644276117907495,-8.36527968095524e-05,5.3385290339491576e-06,-6.018385049461061e-06
19,1.8999999999999808,1.9349999999999807,18,True,1.9149999999999807,0.0,-6.661338147750939e-16,gamma2_A,recorded_event,0.0005848023237007283,-0.0016828915374347275,-0.048268719328753026,-0.0004480391885475221,1.9452233868122448e-05,-3.40813180136762e-05,0.00023131189285763298,-0.001372729973003195,-0.025316046782129953,-0.00013284401357127607,6.319831326706549e-06,-9.802994861446424e-06
1,0.09999999999999999,0.11699999999999999,0,True,0.11499999999999999,0.018000000000000016,0.018000000000000016,gamma2_B,reconstructed_rk4,0.00038144420603902773,-0.0006768940290986514,-0.011504648552539964,-7.809196437547072e-05,-2.0411681278531546e-07,-5.27500455919927e-06,0.0,0.0,-1.1102230246251565e-16,-2.4733122574893684e-05,-2.2482682258129216e-06,-1.0847563055443876e-06
2,0.2,0.23500000000000001,1,True,0.21500000000000002,0.0,-2.7755575615628914e-17,gamma2_B,recorded_event,-0.0010710279878480833,-0.0022325885913591637,-0.055388236357356985,-0.0005993785119597916,-6.232917492798862e-06,-5.500771298046908e-05,-0.00120356357119622,-0.0017362003769541001,-0.02879275746125487,-0.00022160551721217558,-1.0844376237884035e-05,-2.1134017445155473e-05
3,0.3,0.33499999999999996,2,True,0.315,0.0,0.0,gamma2_B,recorded_event,8.749662667906222e-05,-0.0021683931167399834,-0.056896778037933915,-0.0006264929721235823,3.75298237731414e-06,-5.612933988467794e-05,2.4351959317492344e-05,-0.0016999637648570098,-0.030012058961115917,-0.00023856148385315024,3.572748372704382e-07,-2.0878075015337907e-05
4,0.4,0.43500000000000005,3,True,0.41500000000000004,0.0,-5.551115123125783e-17,gamma2_B,recorded_event,0.00012412178456955303,0.002106285916999351,0.05674167363551341,0.0004744545177901571,1.4715969980372279e-06,4.217297669951471e-05,5.815964673860918e-05,0.001668858695717701,0.02983028599575943,9.074082897830849e-05,1.1996571087635743e-06,7.332155053534767e-06
5,0.5,0.535,4,True,0.515,0.0,0.0,gamma2_B,recorded_event,0.00017751699650148112,0.0021187663526200384,0.05794044729996275,0.0004820966676910565,4.620480381412051e-06,4.256440401255619e-05,6.254096319757707e-05,0.0016990459437658534,0.030527218614867846,9.122826148333374e-05,1.8981108156346238e-06,7.215867524303782e-06
6,0.6,0.635,5,True,0.615,0.0,0.0,gamma2_B,recorded_event,4.6546766681920815e-05,0.0014385218856013335,0.04812549461391957,0.0004497823975047055,1.5126496553108382e-06,3.997697680693628e-05,1.3734867743586676e-05,0.0016353164878800883,0.02955752048505489,8.48837617799525e-05,-6.976184430129706e-08,6.6299317355526105e-06
7,0.7000000000000001,0.7350000000000001,6,True,0.7150000000000001,0.0,-1.1102230246251565e-16,gamma2_B,recorded_event,0.0002239383400715056,-0.001945091054477488,-0.055655399094805214,-0.0006066974220781951,2.9570459245675806e-06,-5.540911053072105e-05,0.00010702499174453095,-0.0015913736948212631,-0.029130181405338518,-0.00023035227132472968,4.849634160919436e-07,-2.1555344933506596e-05
8,0.8,0.8350000000000001,7,True,0.8150000000000001,0.0,0.0,gamma2_B,recorded_event,0.00031226488264390895,-0.0019991984954692565,-0.0573724576516165,-0.0005452009279141024,8.243030507060212e-06,-4.7589779182410225e-05,0.00012664187102817692,-0.001644894096313132,-0.030137053577029393,-0.00015952722211620696,2.3826302397722543e-06,-1.3386454136007225e-05
9,0.9,0.935,8,True,0.915,0.0,0.0,gamma2_B,recorded_event,0.0001458663690829809,-0.002053887208805838,-0.058685026903117055,-0.0005638968027912306,7.459414841370915e-06,-4.9756242142831586e-05,5.055582103175027e-05,-0.001694292256223473,-0.030889898452940545,-0.00016470038891469585,1.6814099730311227e-06,-1.3955023823161716e-05
10,1.0,1.035,9,True,1.015,0.0,-6.661338147750939e-16,gamma2_B,recorded_event,-5.821781231585277e-05,-0.0015423355740405709,-0.04676195223608737,-0.00045893886238435044,1.6023816469257213e-06,-4.0716555737507765e-05,-1.7466779613783956e-06,-0.001309487476703508,-0.024188013142708353,-0.00012870414205234937,-3.185625292445593e-07,-1.0967479745882525e-05
11,1.0999999999999979,1.1349999999999978,10,True,1.1149999999999978,0.0,-6.661338147750939e-16,gamma2_B,recorded_event,0.00044976817769626365,0.0013062216781221103,0.04082203718295796,0.0004029688525828412,4.05616031518008e-06,3.454462602070496e-05,0.00021927492600504195,0.0011001418471473512,0.020944116053425166,0.00012507239830839012,6.357389903399735e-07,1.0446387857659944e-05
12,1.1999999999999957,1.2349999999999957,11,True,1.2149999999999956,0.0,-6.661338147750939e-16,gamma2_B,recorded_event,0.0006348911040010563,0.0012762884699419885,0.03995938163974566,0.00038973582385626315,1.0225507397265687e-05,3.1457119496952624e-05,0.000287673589402182,0.0010774641993859246,0.020609976782040684,0.0001222328704879594,2.4398359990129848e-06,9.671004647937576e-06
13,1.2999999999999936,1.3349999999999935,12,True,1.3149999999999935,0.0,-6.661338147750939e-16,gamma2_B,recorded_event,0.0005610205340129681,0.0016599426325996092,0.04905387548503004,0.00047270046320857517,1.4654544628456279e-05,3.814081440462608e-05,0.00022205197553404332,0.001377210431657394,0.02564173021309385,0.00014908445725758668,4.037423138925078e-06,1.1828912209473075e-05
14,1.3999999999999915,1.4349999999999914,13,True,1.4149999999999914,0.0,-6.661338147750939e-16,gamma2_B,recorded_event,0.0003469504058601913,0.002101381677410752,0.059627720761456615,0.0005840971406811946,1.7235539353066542e-05,4.9126352869723056e-05,0.00013368281253178793,0.001725026008104702,0.03143258321402698,0.00018245826557183875,5.33157361104486e-06,1.4925794887862831e-05
15,1.4999999999999893,1.5349999999999893,14,True,1.5149999999999892,0.0,-6.661338147750939e-16,gamma2_B,recorded_event,-2.4167215195269875e-05,0.001653525079532786,0.04899370461149011,0.0004975619837068734,9.691584097026862e-06,4.3541442458355784e-05,1.0265398931785796e-05,0.0013839052029973598,0.0253484117314855,0.0001505290380796609,3.7229032994190447e-06,1.2772055987264608e-05
16,1.5999999999999872,1.6349999999999871,15,True,1.6149999999999871,0.0,-6.661338147750939e-16,gamma2_B,recorded_event,0.0003249292590234987,-0.0002920179474087403,-0.020569821704780722,-0.0002650880033008285,3.4040863177153824e-06,-2.291797868114731e-05,0.00017573640634882537,-0.0005854065722001867,-0.01260565021568194,-7.8032155112151e-05,2.860900508494524e-06,-6.447219684124761e-06
17,1.699999999999985,1.734999999999985,16,True,1.714999999999985,0.0,-6.661338147750939e-16,gamma2_B,recorded_event,0.0006325492057701609,-0.0008775701184735585,-0.028122263181449725,-0.0002635183365713445,1.0976789386774044e-05,-2.062014796572198e-05,0.00031093406931947953,-0.0007376849632778626,-0.014337738480353135,-7.303046896600662e-05,5.053002530175377e-06,-5.39573147967376e-06
18,1.799999999999983,1.8349999999999829,17,True,1.8149999999999828,0.0,-6.661338147750939e-16,gamma2_B,recorded_event,0.0005614789217762706,-0.0010463991544298334,-0.03155834483038755,-0.0002899559936553331,1.3426215321743484e-05,-2.1833655292818888e-05,0.00023231312971105922,-0.0008634225126258332,-0.016256725973401,-8.25501717924837e-05,5.186606170326513e-06,-5.994805585052276e-06
19,1.8999999999999808,1.9349999999999807,18,True,1.9149999999999807,0.0,-6.661338147750939e-16,gamma2_B,recorded_event,0.0005626521870087942,-0.0016724718022286256,-0.048069391866807226,-0.00044597011117541996,1.914858347973336e-05,-3.404866270879936e-05,0.0002180381902494588,-0.001366311087805161,-0.02520272484637437,-0.00013215202885596966,6.212026283591854e-06,-9.793240708072526e-06
