host,sample_time,application_time,plan_id,requested_delta,applied_delta,a_cmd,elapsed_since_application,delta_change,application_average_rate,application_clamp_change
A,0.0,0.015,0,0.054923548927100344,0.054923548927100344,0.8147200477683639,0.015,0.0,0.0,0.0
A,0.02,0.034999999999999996,0,0.0565068032526114,0.0565068032526114,0.8125729484678798,0.019999999999999997,0.0015832543255110548,0.07916271627555276,0.0
A,0.039999999999999994,0.054999999999999986,0,0.056135076546368304,0.056135076546368304,0.8117284549247837,0.01999999999999999,-0.00037172670624309456,-0.01858633531215474,0.0
A,0.059999999999999984,0.07499999999999998,0,0.0531077926776399,0.0531077926776399,0.8119813090730689,0.019999999999999997,-0.0030272838687284004,-0.15136419343642005,0.0
A,0.07999999999999999,0.09499999999999999,0,0.04913086757455902,0.04913086757455902,0.8131301658927691,0.020000000000000004,-0.003976925103080883,-0.19884625515404414,0.0
A,0.09999999999999999,0.11499999999999999,0,0.03913086757455902,0.03913086757455902,0.8843219200958784,0.020000000000000004,-0.010000000000000002,-0.5,0.0
A,0.12,0.135,0,0.029130867574559016,0.029130867574559016,0.8878870600530754,0.020000000000000018,-0.010000000000000002,-0.49999999999999967,0.0
A,0.14,0.155,0,0.019130867574559014,0.019130867574559014,0.8905303761880149,0.01999999999999999,-0.010000000000000002,-0.5000000000000003,0.0
A,0.15999999999999998,0.175,1,0.009130867574559014,0.009130867574559014,0.9388386992722987,0.01999999999999999,-0.01,-0.5000000000000002,0.0
A,0.18,0.195,1,-0.0008691324254409862,-0.0008691324254409862,0.9420560836300677,0.020000000000000018,-0.01,-0.49999999999999956,0.0
A,0.2,0.215,1,-0.010869132425440986,-0.010869132425440986,0.9437083873468971,0.01999999999999999,-0.01,-0.5000000000000002,0.0
A,0.22,0.235,1,-0.020869132425440987,-0.020869132425440987,0.859928775122403,0.01999999999999999,-0.01,-0.5000000000000002,0.0
A,0.24,0.255,1,-0.03086913242544099,-0.03086913242544099,0.8602542492320471,0.020000000000000018,-0.010000000000000002,-0.49999999999999967,0.0
A,0.26,0.275,2,-0.04086913242544099,-0.04086913242544099,0.8595465547805577,0.020000000000000018,-0.010000000000000002,-0.49999999999999967,0.0
A,0.28,0.295,2,-0.05086913242544099,-0.05086913242544099,0.8604074800166325,0.019999999999999962,-0.010000000000000002,-0.500000000000001,0.0
A,0.3,0.315,2,-0.060869132425440994,-0.060869132425440994,0.8605663556491553,0.020000000000000018,-0.010000000000000002,-0.49999999999999967,0.0
A,0.32,0.335,2,-0.07086913242544099,-0.07086913242544099,0.8603163738970089,0.020000000000000018,-0.009999999999999995,-0.49999999999999933,0.0
A,0.34,0.35500000000000004,2,-0.08086913242544098,-0.08086913242544098,0.8600562826884491,0.020000000000000018,-0.009999999999999995,-0.49999999999999933,0.0
A,0.36,0.375,3,-0.07086913242544099,-0.07086913242544099,0.7871018546079381,0.019999999999999962,0.009999999999999995,0.5000000000000007,0.0
A,0.38,0.395,3,-0.06086913242544099,-0.06086913242544099,0.7852491395946163,0.020000000000000018,0.010000000000000002,0.49999999999999967,0.0
A,0.4,0.41500000000000004,3,-0.050869132425440985,-0.050869132425440985,0.785895682283961,0.020000000000000018,0.010000000000000002,0.49999999999999967,0.0
A,0.42,0.435,3,-0.040869132425440984,-0.040869132425440984,0.7880635178716463,0.019999999999999962,0.010000000000000002,0.500000000000001,0.0
A,0.44,0.455,3,-0.03086913242544098,-0.03086913242544098,0.7914617964873988,0.020000000000000018,0.010000000000000002,0.49999999999999967,0.0
A,0.46,0.47500000000000003,4,-0.02086913242544098,-0.02086913242544098,0.6658319499127547,0.020000000000000018,0.010000000000000002,0.49999999999999967,0.0
A,0.48,0.495,4,-0.01086913242544098,-0.01086913242544098,0.6697969279737743,0.019999999999999962,0.01,0.500000000000001,0.0
A,0.5,0.515,4,-0.0008691324254409792,-0.0008691324254409792,0.6754401299098556,0.020000000000000018,0.01,0.49999999999999956,0.0
A,0.52,0.535,4,0.009130867574559021,0.009130867574559021,0.6803895298544733,0.020000000000000018,0.01,0.49999999999999956,0.0
A,0.54,0.555,4,0.01913086757455902,0.01913086757455902,0.6843024567162319,0.020000000000000018,0.01,0.49999999999999956,0.0
A,0.56,0.5750000000000001,5,0.029130867574559023,0.029130867574559023,0.5364434906375081,0.020000000000000018,0.010000000000000002,0.49999999999999967,0.0
A,0.58,0.595,5,0.039130867574559025,0.039130867574559025,0.5373522491216208,0.019999999999999907,0.010000000000000002,0.5000000000000024,0.0
A,0.6,0.615,5,0.04913086757455903,0.04913086757455903,0.53936331749605,0.020000000000000018,0.010000000000000002,0.49999999999999967,0.0
A,0.62,0.635,5,0.05913086757455903,0.05913086757455903,0.5404359440068885,0.020000000000000018,0.010000000000000002,0.49999999999999967,0.0
A,0.64,0.655,5,0.06913086757455902,0.06913086757455902,0.5408686013445999,0.020000000000000018,0.009999999999999995,0.49999999999999933,0.0
A,0.6599999999999999,0.6749999999999999,6,0.07913086757455902,0.07913086757455902,0.5092643506134442,0.019999999999999907,0.009999999999999995,0.5000000000000021,0.0
A,0.6799999999999999,0.695,6,0.08913086757455901,0.08913086757455901,0.5059098827046073,0.020000000000000018,0.009999999999999995,0.49999999999999933,0.0
A,0.7,0.715,6,0.08995454211244507,0.08995454211244507,0.5039071444104384,0.020000000000000018,0.0008236745378860516,0.041183726894302546,0.0
A,0.72,0.735,6,0.07995454211244507,0.07995454211244507,0.5034254022580307,0.020000000000000018,-0.009999999999999995,-0.49999999999999933,0.0
A,0.74,0.755,6,0.06995454211244508,0.06995454211244508,0.5050094510907057,0.020000000000000018,-0.009999999999999995,-0.49999999999999933,0.0
A,0.76,0.775,7,0.059954542112445074,0.059954542112445074,0.487795710120124,0.020000000000000018,-0.010000000000000002,-0.49999999999999967,0.0
A,0.78,0.795,7,0.04995454211244507,0.04995454211244507,0.4928225615524655,0.020000000000000018,-0.010000000000000002,-0.49999999999999967,0.0
A,0.8,0.8150000000000001,7,0.03995454211244507,0.03995454211244507,0.4997398804792781,0.020000000000000018,-0.010000000000000002,-0.49999999999999967,0.0
A,0.8200000000000001,0.8350000000000001,7,0.029954542112445068,0.029954542112445068,0.5075694374458088,0.020000000000000018,-0.010000000000000002,-0.49999999999999967,0.0
A,0.84,0.855,7,0.019954542112445066,0.019954542112445066,0.5155938163184264,0.019999999999999907,-0.010000000000000002,-0.5000000000000024,0.0
A,0.86,0.875,8,0.009954542112445066,0.009954542112445066,0.3496955175668023,0.020000000000000018,-0.01,-0.49999999999999956,0.0
A,0.88,0.895,8,-4.5457887554934545e-05,-4.5457887554934545e-05,0.35878671764781156,0.020000000000000018,-0.01,-0.49999999999999956,0.0
A,0.9,0.915,8,-0.010045457887554935,-0.010045457887554935,0.3689848747845125,0.020000000000000018,-0.01,-0.49999999999999956,0.0
A,0.92,0.935,8,-0.020045457887554935,-0.020045457887554935,0.3773262660259381,0.020000000000000018,-0.01,-0.49999999999999956,0.0
A,0.9400000000000001,0.9550000000000001,8,-0.030045457887554937,-0.030045457887554937,0.383598103190505,0.020000000000000018,-0.010000000000000002,-0.49999999999999967,0.0
A,0.96,0.975,9,-0.04004545788755494,-0.04004545788755494,0.06634110907115068,0.019999999999999907,-0.010000000000000002,-0.5000000000000024,0.0
A,0.98,0.995,9,-0.05004545788755494,-0.05004545788755494,0.06590098913827439,0.020000000000000018,-0.010000000000000002,-0.49999999999999967,0.0
A,1.0,1.0149999999999997,9,-0.06004545788755494,-0.06004545788755494,0.06869946080922587,0.019999999999999685,-0.010000000000000002,-0.500000000000008,0.0
A,1.0199999999999996,1.0349999999999993,9,-0.07004545788755494,-0.07004545788755494,0.07036878030335361,0.019999999999999574,-0.009999999999999995,-0.5000000000000104,0.0
A,1.0399999999999991,1.0549999999999988,9,-0.08004545788755493,-0.08004545788755493,0.07138199299532114,0.019999999999999574,-0.009999999999999995,-0.5000000000000104,0.0
A,1.0599999999999987,1.0749999999999984,10,-0.09004545788755493,-0.09004545788755493,0.100828594324573,0.019999999999999574,-0.009999999999999995,-0.5000000000000104,0.0
A,1.0799999999999983,1.094999999999998,10,-0.10004545788755492,-0.10004545788755492,0.0939788150980285,0.019999999999999574,-0.009999999999999995,-0.5000000000000104,0.0
A,1.0999999999999979,1.1149999999999975,10,-0.11004545788755492,-0.11004545788755492,0.0881696596462613,0.019999999999999574,-0.009999999999999995,-0.5000000000000104,0.0
A,1.1199999999999974,1.1349999999999971,10,-0.12004545788755491,-0.12004545788755491,0.08469427212307098,0.019999999999999574,-0.009999999999999995,-0.5000000000000104,0.0
A,1.139999999999997,1.1549999999999967,10,-0.13004545788755492,-0.13004545788755492,0.08427555464131184,0.019999999999999574,-0.010000000000000009,-0.5000000000000111,0.0
A,1.1599999999999966,1.1749999999999963,11,-0.12004545788755493,-0.12004545788755493,0.6441161418926019,0.019999999999999574,0.009999999999999995,0.5000000000000104,0.0
A,1.1799999999999962,1.1949999999999958,11,-0.11004545788755493,-0.11004545788755493,0.6478616684153663,0.019999999999999574,0.009999999999999995,0.5000000000000104,0.0
A,1.1999999999999957,1.2149999999999954,11,-0.10004545788755494,-0.10004545788755494,0.647728471161983,0.019999999999999574,0.009999999999999995,0.5000000000000104,0.0
A,1.2199999999999953,1.234999999999995,11,-0.09004545788755494,-0.09004545788755494,0.6517194842489865,0.019999999999999574,0.009999999999999995,0.5000000000000104,0.0
A,1.2399999999999949,1.2549999999999946,11,-0.08004545788755495,-0.08004545788755495,0.6592322031428582,0.019999999999999574,0.009999999999999995,0.5000000000000104,0.0
A,1.2599999999999945,1.2749999999999941,12,-0.07004545788755495,-0.07004545788755495,0.9393886103914965,0.019999999999999574,0.009999999999999995,0.5000000000000104,0.0
A,1.279999999999994,1.2949999999999937,12,-0.06004545788755495,-0.06004545788755495,0.9605566826182582,0.019999999999999574,0.010000000000000002,0.5000000000000108,0.0
A,1.2999999999999936,1.3149999999999933,12,-0.05004545788755495,-0.05004545788755495,0.9781753641112035,0.019999999999999574,0.010000000000000002,0.5000000000000108,0.0
A,1.3199999999999932,1.3349999999999929,12,-0.040045457887554946,-0.040045457887554946,0.995172540730694,0.019999999999999574,0.010000000000000002,0.5000000000000108,0.0
A,1.3399999999999928,1.3549999999999924,12,-0.030045457887554944,-0.030045457887554944,1.010750302077879,0.019999999999999574,0.010000000000000002,0.5000000000000108,0.0
A,1.3599999999999923,1.374999999999992,13,-0.020045457887554942,-0.020045457887554942,0.9290454814522373,0.019999999999999574,0.010000000000000002,0.5000000000000108,0.0
A,1.379999999999992,1.3949999999999916,13,-0.010045457887554942,-0.010045457887554942,0.9502569655124684,0.019999999999999574,0.01,0.5000000000000107,0.0
A,1.3999999999999915,1.4149999999999912,13,-4.5457887554941484e-05,-4.5457887554941484e-05,0.9695783762448282,0.019999999999999574,0.01,0.5000000000000107,0.0
A,1.419999999999991,1.4349999999999907,13,0.009954542112445059,0.009954542112445059,0.9850512781026957,0.019999999999999574,0.01,0.5000000000000107,0.0
A,1.4399999999999906,1.4549999999999903,13,0.01995454211244506,0.01995454211244506,0.9964112542263546,0.019999999999999574,0.01,0.5000000000000107,0.0
A,1.4599999999999902,1.4749999999999899,14,0.02995454211244506,0.02995454211244506,0.029830015741022082,0.019999999999999574,0.010000000000000002,0.5000000000000108,0.0
A,1.4799999999999898,1.4949999999999894,14,0.03995454211244506,0.03995454211244506,0.030814004504221133,0.019999999999999574,0.010000000000000002,0.5000000000000108,0.0
A,1.4999999999999893,1.514999999999989,14,0.049954542112445065,0.049954542112445065,0.04297648178208814,0.019999999999999574,0.010000000000000002,0.5000000000000108,0.0
A,1.519999999999989,1.5349999999999886,14,0.05995454211244507,0.05995454211244507,0.052130632290828385,0.019999999999999574,0.010000000000000002,0.5000000000000108,0.0
A,1.5399999999999885,1.5549999999999882,14,0.06995454211244506,0.06995454211244506,0.05854479082797394,0.019999999999999574,0.009999999999999995,0.5000000000000104,0.0
A,1.559999999999988,1.5749999999999877,15,0.07995454211244506,0.07995454211244506,-0.5670708147046807,0.019999999999999574,0.009999999999999995,0.5000000000000104,0.0
A,1.5799999999999876,1.5949999999999873,15,0.08995454211244505,0.08995454211244505,-0.5794638855271826,0.019999999999999574,0.009999999999999995,0.5000000000000104,0.0
A,1.5999999999999872,1.614999999999987,15,0.09995454211244505,0.09995454211244505,-0.5825494508562804,0.019999999999999574,0.009999999999999995,0.5000000000000104,0.0
A,1.6199999999999868,1.6349999999999865,15,0.10995454211244504,0.10995454211244504,-0.5846174637865643,0.019999999999999574,0.009999999999999995,0.5000000000000104,0.0
A,1.6399999999999864,1.654999999999986,15,0.11995454211244504,0.11995454211244504,-0.584844017293025,0.019999999999999574,0.009999999999999995,0.5000000000000104,0.0
A,1.659999999999986,1.6749999999999856,16,0.12995454211244503,0.12995454211244503,0.2744335188369105,0.019999999999999574,0.009999999999999995,0.5000000000000104,0.0
A,1.6799999999999855,1.6949999999999852,16,0.13995454211244504,0.13995454211244504,0.2748958830841053,0.019999999999999574,0.010000000000000009,0.5000000000000111,0.0
A,1.699999999999985,1.7149999999999848,16,0.14995454211244505,0.14995454211244505,0.2668753933163419,0.019999999999999574,0.010000000000000009,0.5000000000000111,0.0
A,1.7199999999999847,1.7349999999999843,16,0.15995454211244506,0.15995454211244506,0.26393494922212213,0.019999999999999574,0.010000000000000009,0.5000000000000111,0.0
A,1.7399999999999842,1.754999999999984,16,0.16995454211244507,0.16995454211244507,0.26676270223277143,0.019999999999999574,0.010000000000000009,0.5000000000000111,0.0
A,1.7599999999999838,1.7749999999999835,17,0.15995454211244506,0.15995454211244506,1.9990745566322714,0.019999999999999574,-0.010000000000000009,-0.5000000000000111,0.0
A,1.7799999999999834,1.794999999999983,17,0.14995454211244505,0.14995454211244505,2.0,0.019999999999999574,-0.010000000000000009,-0.5000000000000111,0.0
A,1.799999999999983,1.8149999999999826,17,0.13995454211244504,0.13995454211244504,2.0,0.019999999999999574,-0.010000000000000009,-0.5000000000000111,0.0
A,1.8199999999999825,1.8349999999999822,17,0.12995454211244503,0.12995454211244503,2.0,0.019999999999999574,-0.010000000000000009,-0.5000000000000111,0.0
A,1.839999999999982,1.8549999999999818,17,0.11995454211244504,0.11995454211244504,2.0,0.019999999999999574,-0.009999999999999995,-0.5000000000000104,0.0
A,1.8599999999999817,1.8749999999999813,18,0.10995454211244504,0.10995454211244504,2.0,0.019999999999999574,-0.009999999999999995,-0.5000000000000104,0.0
A,1.8799999999999812,1.894999999999981,18,0.09995454211244505,0.09995454211244505,2.0,0.019999999999999574,-0.009999999999999995,-0.5000000000000104,0.0
A,1.8999999999999808,1.9149999999999805,18,0.08995454211244505,0.08995454211244505,2.0,0.019999999999999574,-0.009999999999999995,-0.5000000000000104,0.0
A,1.9199999999999804,1.93499999999998,18,0.07995454211244506,0.07995454211244506,2.0,0.019999999999999574,-0.009999999999999995,-0.5000000000000104,0.0
A,1.93999999999998,1.9549999999999796,18,0.06995454211244506,0.06995454211244506,2.0,0.019999999999999574,-0.009999999999999995,-0.5000000000000104,0.0
A,1.9599999999999795,1.9749999999999792,19,0.05995454211244506,0.05995454211244506,2.0,0.019999999999999574,-0.010000000000000002,-0.5000000000000108,0.0
A,1.979999999999979,1.9949999999999788,19,0.04995454211244506,0.04995454211244506,2.0,0.019999999999999574,-0.010000000000000002,-0.5000000000000108,0.0
B,0.0,0.015,0,0.054923548927100344,0.054923548927100344,0.8147200477683639,0.015,0.0,0.0,0.0
B,0.02,0.034999999999999996,0,0.0565068032526114,0.0565068032526114,0.8125729484678798,0.019999999999999997,0.0015832543255110548,0.07916271627555276,0.0
B,0.039999999999999994,0.054999999999999986,0,0.056135076546368304,0.056135076546368304,0.8117284549247837,0.01999999999999999,-0.00037172670624309456,-0.01858633531215474,0.0
B,0.059999999999999984,0.07499999999999998,0,0.0531077926776399,0.0531077926776399,0.8119813090730689,0.019999999999999997,-0.0030272838687284004,-0.15136419343642005,0.0
B,0.07999999999999999,0.09499999999999999,0,0.04913086757455902,0.04913086757455902,0.8131301658927691,0.020000000000000004,-0.003976925103080883,-0.19884625515404414,0.0
B,0.09999999999999999,0.11499999999999999,0,0.03913086757455902,0.03913086757455902,0.8843219200958784,0.020000000000000004,-0.010000000000000002,-0.5,0.0
B,0.12,0.135,0,0.029130867574559016,0.029130867574559016,0.8878870600530754,0.020000000000000018,-0.010000000000000002,-0.49999999999999967,0.0
B,0.14,0.155,0,0.019130867574559014,0.019130867574559014,0.8905303761880149,0.01999999999999999,-0.010000000000000002,-0.5000000000000003,0.0
B,0.15999999999999998,0.175,1,0.009130867574559014,0.009130867574559014,0.9390163454040992,0.01999999999999999,-0.01,-0.5000000000000002,0.0
B,0.18,0.195,1,-0.0008691324254409862,-0.0008691324254409862,0.9422327634005749,0.020000000000000018,-0.01,-0.49999999999999956,0.0
B,0.2,0.215,1,-0.010869132425440986,-0.010869132425440986,0.9438814247056277,0.01999999999999999,-0.01,-0.5000000000000002,0.0
B,0.22,0.235,1,-0.020869132425440987,-0.020869132425440987,0.8600445886650888,0.01999999999999999,-0.01,-0.5000000000000002,0.0
B,0.24,0.255,1,-0.03086913242544099,-0.03086913242544099,0.8603850283004911,0.020000000000000018,-0.010000000000000002,-0.49999999999999967,0.0
B,0.26,0.275,2,-0.04086913242544099,-0.04086913242544099,0.8589497344295003,0.020000000000000018,-0.010000000000000002,-0.49999999999999967,0.0
B,0.28,0.295,2,-0.05086913242544099,-0.05086913242544099,0.8598362869538017,0.019999999999999962,-0.010000000000000002,-0.500000000000001,0.0
B,0.3,0.315,2,-0.060869132425440994,-0.060869132425440994,0.8600316012291698,0.020000000000000018,-0.010000000000000002,-0.49999999999999967,0.0
B,0.32,0.335,2,-0.07086913242544099,-0.07086913242544099,0.859817503906422,0.020000000000000018,-0.009999999999999995,-0.49999999999999933,0.0
B,0.34,0.35500000000000004,2,-0.08086913242544098,-0.08086913242544098,0.8595925685753034,0.020000000000000018,-0.009999999999999995,-0.49999999999999933,0.0
B,0.36,0.375,3,-0.07086913242544099,-0.07086913242544099,0.7870541293362131,0.019999999999999962,0.009999999999999995,0.5000000000000007,0.0
B,0.38,0.395,3,-0.06086913242544099,-0.06086913242544099,0.7852221406016112,0.020000000000000018,0.010000000000000002,0.49999999999999967,0.0
B,0.4,0.41500000000000004,3,-0.050869132425440985,-0.050869132425440985,0.7858830609653998,0.020000000000000018,0.010000000000000002,0.49999999999999967,0.0
B,0.42,0.435,3,-0.040869132425440984,-0.040869132425440984,0.7880648771244959,0.019999999999999962,0.010000000000000002,0.500000000000001,0.0
B,0.44,0.455,3,-0.03086913242544098,-0.03086913242544098,0.7914768301742042,0.020000000000000018,0.010000000000000002,0.49999999999999967,0.0
B,0.46,0.47500000000000003,4,-0.02086913242544098,-0.02086913242544098,0.6649081517183212,0.020000000000000018,0.010000000000000002,0.49999999999999967,0.0
B,0.48,0.495,4,-0.01086913242544098,-0.01086913242544098,0.6688862585428624,0.019999999999999962,0.01,0.500000000000001,0.0
B,0.5,0.515,4,-0.0008691324254409792,-0.0008691324254409792,0.6745566786738931,0.020000000000000018,0.01,0.49999999999999956,0.0
B,0.52,0.535,4,0.009130867574559021,0.009130867574559021,0.6795330692632043,0.020000000000000018,0.01,0.49999999999999956,0.0
B,0.54,0.555,4,0.01913086757455902,0.01913086757455902,0.683472526710725,0.020000000000000018,0.01,0.49999999999999956,0.0
B,0.56,0.5750000000000001,5,0.029130867574559023,0.029130867574559023,0.5331636879022985,0.020000000000000018,0.010000000000000002,0.49999999999999967,0.0
B,0.58,0.595,5,0.039130867574559025,0.039130867574559025,0.5340888756408402,0.019999999999999907,0.010000000000000002,0.5000000000000024,0.0
B,0.6,0.615,5,0.04913086757455903,0.04913086757455903,0.5361531195044946,0.020000000000000018,0.010000000000000002,0.49999999999999967,0.0
B,0.62,0.635,5,0.05913086757455903,0.05913086757455903,0.5372783996130266,0.020000000000000018,0.010000000000000002,0.49999999999999967,0.0
B,0.64,0.655,5,0.06913086757455902,0.06913086757455902,0.5377625059508435,0.020000000000000018,0.009999999999999995,0.49999999999999933,0.0
B,0.6599999999999999,0.6749999999999999,6,0.07913086757455902,0.07913086757455902,0.5076433109309997,0.019999999999999907,0.009999999999999995,0.5000000000000021,0.0
B,0.6799999999999999,0.695,6,0.08913086757455901,0.08913086757455901,0.5043814102888013,0.020000000000000018,0.009999999999999995,0.49999999999999933,0.0
B,0.7,0.715,6,0.08717890018333298,0.08717890018333298,0.5024481914951096,0.020000000000000018,-0.0019519673912260366,-0.09759836956130175,0.0
B,0.72,0.735,6,0.07717890018333298,0.07717890018333298,0.502033967639038,0.020000000000000018,-0.009999999999999995,-0.49999999999999933,0.0
B,0.74,0.755,6,0.06717890018333299,0.06717890018333299,0.5036689360561242,0.020000000000000018,-0.009999999999999995,-0.49999999999999933,0.0
B,0.76,0.775,7,0.057178900183332985,0.057178900183332985,0.48856670851302975,0.020000000000000018,-0.010000000000000002,-0.49999999999999967,0.0
B,0.78,0.795,7,0.047178900183332984,0.047178900183332984,0.4934543386927587,0.020000000000000018,-0.010000000000000002,-0.49999999999999967,0.0
B,0.8,0.8150000000000001,7,0.03717890018333298,0.03717890018333298,0.5000758837177642,0.020000000000000018,-0.010000000000000002,-0.49999999999999967,0.0
B,0.8200000000000001,0.8350000000000001,7,0.02717890018333298,0.02717890018333298,0.5074860908257272,0.020000000000000018,-0.010000000000000002,-0.49999999999999967,0.0
B,0.84,0.855,7,0.017178900183332978,0.017178900183332978,0.5149821881086624,0.019999999999999907,-0.010000000000000002,-0.5000000000000024,0.0
B,0.86,0.875,8,0.0071789001833329775,0.0071789001833329775,0.3527313279611778,0.020000000000000018,-0.01,-0.49999999999999956,0.0
B,0.88,0.895,8,-0.0028210998166670227,-0.0028210998166670227,0.36102912113336505,0.020000000000000018,-0.01,-0.49999999999999956,0.0
B,0.9,0.915,8,-0.012821099816667023,-0.012821099816667023,0.37034727707081594,0.020000000000000018,-0.01,-0.49999999999999956,0.0
B,0.92,0.935,8,-0.022821099816667023,-0.022821099816667023,0.37782493528118366,0.020000000000000018,-0.01,-0.49999999999999956,0.0
B,0.9400000000000001,0.9550000000000001,8,-0.032821099816667025,-0.032821099816667025,0.3832903299802092,0.020000000000000018,-0.010000000000000002,-0.49999999999999967,0.0
B,0.96,0.975,9,-0.04282109981666703,-0.04282109981666703,0.10321965793388313,0.019999999999999907,-0.010000000000000002,-0.5000000000000024,0.0
B,0.98,0.995,9,-0.05282109981666703,-0.05282109981666703,0.10246068399689759,0.020000000000000018,-0.010000000000000002,-0.49999999999999967,0.0
B,1.0,1.0149999999999997,9,-0.06282109981666703,-0.06282109981666703,0.10453245938751857,0.019999999999999685,-0.010000000000000002,-0.500000000000008,0.0
B,1.0199999999999996,1.0349999999999993,9,-0.07282109981666703,-0.07282109981666703,0.10566259225448296,0.019999999999999574,-0.009999999999999995,-0.5000000000000104,0.0
B,1.0399999999999991,1.0549999999999988,9,-0.08282109981666702,-0.08282109981666702,0.10635524179340597,0.019999999999999574,-0.009999999999999995,-0.5000000000000104,0.0
B,1.0599999999999987,1.0749999999999984,10,-0.09282109981666702,-0.09282109981666702,0.15172058901709093,0.019999999999999574,-0.009999999999999995,-0.5000000000000104,0.0
B,1.0799999999999983,1.094999999999998,10,-0.10282109981666701,-0.10282109981666701,0.1453883752391387,0.019999999999999574,-0.009999999999999995,-0.5000000000000104,0.0
B,1.0999999999999979,1.1149999999999975,10,-0.112821099816667,-0.112821099816667,0.1400829894173625,0.019999999999999574,-0.009999999999999995,-0.5000000000000104,0.0
B,1.1199999999999974,1.1349999999999971,10,-0.122821099816667,-0.122821099816667,0.13732173049828564,0.019999999999999574,-0.009999999999999995,-0.5000000000000104,0.0
B,1.139999999999997,1.1549999999999967,10,-0.132821099816667,-0.132821099816667,0.13781603192148026,0.019999999999999574,-0.010000000000000009,-0.5000000000000111,0.0
B,1.1599999999999966,1.1749999999999963,11,-0.12282109981666701,-0.12282109981666701,0.6193781631952938,0.019999999999999574,0.009999999999999995,0.5000000000000104,0.0
B,1.1799999999999962,1.1949999999999958,11,-0.11282109981666702,-0.11282109981666702,0.6250399005318864,0.019999999999999574,0.009999999999999995,0.5000000000000104,0.0
B,1.1999999999999957,1.2149999999999954,11,-0.10282109981666702,-0.10282109981666702,0.6281425871517045,0.019999999999999574,0.009999999999999995,0.5000000000000104,0.0
B,1.2199999999999953,1.234999999999995,11,-0.09282109981666703,-0.09282109981666703,0.6354663868887654,0.019999999999999574,0.009999999999999995,0.5000000000000104,0.0
B,1.2399999999999949,1.2549999999999946,11,-0.08282109981666703,-0.08282109981666703,0.6463839510925434,0.019999999999999574,0.009999999999999995,0.5000000000000104,0.0
B,1.2599999999999945,1.2749999999999941,12,-0.07282109981666704,-0.07282109981666704,1.1001542972297338,0.019999999999999574,0.009999999999999995,0.5000000000000104,0.0
B,1.279999999999994,1.2949999999999937,12,-0.06282109981666704,-0.06282109981666704,1.1231256844647504,0.019999999999999574,0.009999999999999995,0.5000000000000104,0.0
B,1.2999999999999936,1.3149999999999933,12,-0.05282109981666704,-0.05282109981666704,1.1399465945642981,0.019999999999999574,0.010000000000000002,0.5000000000000108,0.0
B,1.3199999999999932,1.3349999999999929,12,-0.04282109981666704,-0.04282109981666704,1.1560644668414894,0.019999999999999574,0.010000000000000002,0.5000000000000108,0.0
B,1.3399999999999928,1.3549999999999924,12,-0.03282109981666704,-0.03282109981666704,1.170698350708293,0.019999999999999574,0.010000000000000002,0.5000000000000108,0.0
B,1.3599999999999923,1.374999999999992,13,-0.022821099816667037,-0.022821099816667037,0.9878951079792427,0.019999999999999574,0.010000000000000002,0.5000000000000108,0.0
B,1.379999999999992,1.3949999999999916,13,-0.012821099816667037,-0.012821099816667037,1.0070094958947045,0.019999999999999574,0.01,0.5000000000000107,0.0
B,1.3999999999999915,1.4149999999999912,13,-0.0028210998166670366,-0.0028210998166670366,1.0257075572526317,0.019999999999999574,0.01,0.5000000000000107,0.0
B,1.419999999999991,1.4349999999999907,13,0.007178900183332964,0.007178900183332964,1.0405453251115229,0.019999999999999574,0.01,0.5000000000000107,0.0
B,1.4399999999999906,1.4549999999999903,13,0.017178900183332964,0.017178900183332964,1.051205479791919,0.019999999999999574,0.01,0.5000000000000107,0.0
B,1.4599999999999902,1.4749999999999899,14,0.027178900183332966,0.027178900183332966,-0.39802630647577153,0.019999999999999574,0.010000000000000002,0.5000000000000108,0.0
B,1.4799999999999898,1.4949999999999894,14,0.03717890018333297,0.03717890018333297,-0.4035330824573221,0.019999999999999574,0.010000000000000002,0.5000000000000108,0.0
B,1.4999999999999893,1.514999999999989,14,0.04717890018333297,0.04717890018333297,-0.39057652377350915,0.019999999999999574,0.010000000000000002,0.5000000000000108,0.0
B,1.519999999999989,1.5349999999999886,14,0.05717890018333297,0.05717890018333297,-0.3805834325444869,0.019999999999999574,0.010000000000000002,0.5000000000000108,0.0
B,1.5399999999999885,1.5549999999999882,14,0.06717890018333297,0.06717890018333297,-0.3735680185070248,0.019999999999999574,0.010000000000000002,0.5000000000000108,0.0
B,1.559999999999988,1.5749999999999877,15,0.07717890018333297,0.07717890018333297,-1.5452221052730024,0.019999999999999574,0.009999999999999995,0.5000000000000104,0.0
B,1.5799999999999876,1.5949999999999873,15,0.08717890018333296,0.08717890018333296,-1.563308960515801,0.019999999999999574,0.009999999999999995,0.5000000000000104,0.0
B,1.5999999999999872,1.614999999999987,15,0.09717890018333296,0.09717890018333296,-1.5643680251168879,0.019999999999999574,0.009999999999999995,0.5000000000000104,0.0
B,1.6199999999999868,1.6349999999999865,15,0.10717890018333295,0.10717890018333295,-1.5648824508292962,0.019999999999999574,0.009999999999999995,0.5000000000000104,0.0
B,1.6399999999999864,1.654999999999986,15,0.11717890018333295,0.11717890018333295,-1.5641535824254447,0.019999999999999574,0.009999999999999995,0.5000000000000104,0.0
B,1.659999999999986,1.6749999999999856,16,0.12717890018333294,0.12717890018333294,-0.2246974965244258,0.019999999999999574,0.009999999999999995,0.5000000000000104,0.0
B,1.6799999999999855,1.6949999999999852,16,0.13717890018333295,0.13717890018333295,-0.21831053879785842,0.019999999999999574,0.010000000000000009,0.5000000000000111,0.0
B,1.699999999999985,1.7149999999999848,16,0.14717890018333296,0.14717890018333296,-0.22802128446636857,0.019999999999999574,0.010000000000000009,0.5000000000000111,0.0
B,1.7199999999999847,1.7349999999999843,16,0.15717890018333297,0.15717890018333297,-0.23307344434381058,0.019999999999999574,0.010000000000000009,0.5000000000000111,0.0
B,1.7399999999999842,1.754999999999984,16,0.16717890018333298,0.16717890018333298,-0.23262503663164388,0.019999999999999574,0.010000000000000009,0.5000000000000111,0.0
B,1.7599999999999838,1.7749999999999835,17,0.15717890018333297,0.15717890018333297,1.6136083596708564,0.019999999999999574,-0.010000000000000009,-0.5000000000000111,0.0
B,1.7799999999999834,1.794999999999983,17,0.14717890018333296,0.14717890018333296,1.6371941467986715,0.019999999999999574,-0.010000000000000009,-0.5000000000000111,0.0
B,1.799999999999983,1.8149999999999826,17,0.13717890018333295,0.13717890018333295,1.638558643778818,0.019999999999999574,-0.010000000000000009,-0.5000000000000111,0.0
B,1.8199999999999825,1.8349999999999822,17,0.12717890018333294,0.12717890018333294,1.644069076696899,0.019999999999999574,-0.010000000000000009,-0.5000000000000111,0.0
B,1.839999999999982,1.8549999999999818,17,0.11717890018333295,0.11717890018333295,1.653084046996685,0.019999999999999574,-0.009999999999999995,-0.5000000000000104,0.0
B,1.8599999999999817,1.8749999999999813,18,0.10717890018333295,0.10717890018333295,2.0,0.019999999999999574,-0.009999999999999995,-0.5000000000000104,0.0
B,1.8799999999999812,1.894999999999981,18,0.09717890018333296,0.09717890018333296,2.0,0.019999999999999574,-0.009999999999999995,-0.5000000000000104,0.0
B,1.8999999999999808,1.9149999999999805,18,0.08717890018333296,0.08717890018333296,2.0,0.019999999999999574,-0.009999999999999995,-0.5000000000000104,0.0
B,1.9199999999999804,1.93499999999998,18,0.07717890018333297,0.07717890018333297,2.0,0.019999999999999574,-0.009999999999999995,-0.5000000000000104,0.0
B,1.93999999999998,1.9549999999999796,18,0.06717890018333297,0.06717890018333297,2.0,0.019999999999999574,-0.009999999999999995,-0.5000000000000104,0.0
B,1.9599999999999795,1.9749999999999792,19,0.05717890018333297,0.05717890018333297,2.0,0.019999999999999574,-0.010000000000000002,-0.5000000000000108,0.0
B,1.979999999999979,1.9949999999999788,19,0.04717890018333297,0.04717890018333297,2.0,0.019999999999999574,-0.010000000000000002,-0.5000000000000108,0.0
