A_time,A_s_abs,A_e_y,A_plan_id,A_left_width,A_right_width,A_boundary,A_clearance,A_nominal_ey,A_tracking_ey,B_time,B_s_abs,B_e_y,B_plan_id,B_left_width,B_right_width,B_boundary,B_clearance,B_nominal_ey,B_tracking_ey,left_width_contribution,left_nominal_contribution,left_tracking_contribution,left_clearance_B_minus_A,right_width_contribution,right_nominal_contribution,right_tracking_contribution,right_clearance_B_minus_A,clearance_B_minus_A
0.15999999999999998,1.8432042849676837,-0.07919014524141377,1,0.55,0.55,right,0.4708098547585863,-0.07996305827509605,0.0007729130336822793,0.15999999999999998,1.8432042849676837,-0.07919014524141377,1,0.55,0.55,right,0.4708098547585863,-0.07993524294451433,0.000745097703100564,0.0,-2.781533058171526e-05,2.781533058171526e-05,0.0,0.0,2.781533058171526e-05,-2.781533058171526e-05,0.0,0.0
0.26,2.3804932872918334,-0.042853752745338716,2,0.55,0.55,right,0.5071462472546613,-0.04316571527185269,0.0003119625265139772,0.26,2.380493902356088,-0.04285369398848129,2,0.55,0.55,right,0.5071463060115188,-0.043034820150806834,0.00018112616232554557,0.0,-0.00013089512104585976,0.00013083636418843164,-5.875685749057169e-08,0.0,0.00013089512104585976,-0.00013083636418843164,5.875685749057169e-08,5.875685749057169e-08
0.36,2.9269577393853283,-0.0047732628630321045,3,0.55,0.55,right,0.5452267371369679,-0.005065907083497141,0.00029264422046503674,0.36,2.92695785863421,-0.004773418375111902,3,0.55,0.55,right,0.5452265816248881,-0.004944334122465031,0.00017091574735312882,0.0,-0.00012157296103211014,0.00012172847311190792,1.5551207976916004e-07,0.0,0.00012157296103211014,-0.00012172847311190792,-1.5551207976916004e-07,-1.5551207976916004e-07
0.46,3.4832686357655396,0.011085287944515942,4,0.55,0.55,left,0.5389147120554841,0.011349502403065589,-0.00026421445854964663,0.46,3.4832649355425014,0.01108466371648322,4,0.55,0.55,left,0.5389153362835168,0.01121884050303776,-0.00013417678655454,0.0,0.00013066190002782897,-0.00013003767199510664,6.242280327084515e-07,0.0,-0.00013066190002782897,0.00013003767199510664,-6.242280327084515e-07,6.242280327084515e-07
0.56,4.045651350150554,-0.007132607466813586,5,0.55,0.55,right,0.5428673925331865,-0.0068665717154043,-0.0002660357514092859,0.56,4.04564046637926,-0.007133290899158454,5,0.55,0.55,right,0.5428667091008416,-0.0069978376782277195,-0.00013545322093073443,0.0,0.00013126596282341928,-0.00013058253047855146,6.834323449389501e-07,0.0,-0.00013126596282341928,0.00013058253047855146,-6.834323449389501e-07,-6.834323449389501e-07
0.6599999999999999,4.611924696426529,-0.04876116513059006,6,0.55,0.55,right,0.50123883486941,-0.04848372990449757,-0.00027743522609249144,0.6599999999999999,4.611889442336339,-0.04876050181872485,6,0.55,0.55,right,0.5012394981812752,-0.048619400020798655,-0.00014110179792619498,0.0,0.00013567011630108428,-0.00013633342816629646,-6.633118652121794e-07,0.0,-0.00013567011630108428,0.00013633342816629646,6.633118652121794e-07,6.633118652121794e-07
0.76,5.18444705004277,-0.0822973652556696,7,0.55,0.55,right,0.46770263474433044,-0.08269438670905967,0.0003970214533900729,0.76,5.184360668124076,-0.08235002148893455,7,0.55,0.55,right,0.4676499785110655,-0.0825176557204677,0.00016763423153313972,0.0,-0.00017673098859197212,0.00022938722185693317,5.265623326500268e-05,0.0,0.00017673098859197212,-0.00022938722185693317,-5.265623326494717e-05,-5.265623326494717e-05
0.86,5.761566523348233,-0.07647871207344935,8,0.55,0.55,right,0.4735212879265507,-0.0767364973980233,0.00025778532457394754,0.86,5.761485209029623,-0.077174456697312,8,0.55,0.55,right,0.47282554330268806,-0.07731520257805065,0.00014074588073864636,0.0,0.0005787051800273529,0.00011703944383530118,0.0006957446238626819,0.0,-0.0005787051800273529,-0.00011703944383530118,-0.0006957446238626264,-0.0006957446238626264
0.96,6.336880920240147,-0.023098040109114704,9,0.55,0.55,right,0.5269019598908853,-0.02337032271559911,0.0002722826064844065,0.96,6.337200665634885,-0.02572802566206708,9,0.55,0.55,right,0.5242719743379329,-0.02587851329210753,0.0001504876300404516,0.0,0.0025081905765084213,0.00012179497644395493,0.002629985552952352,0.0,-0.0025081905765084213,-0.00012179497644395493,-0.002629985552952352,-0.002629985552952352
1.0599999999999987,6.907806887851235,0.06372730745991906,10,0.55,0.55,left,0.486272692540081,0.06343087129598675,0.0002964361639323093,1.0599999999999987,6.909394611514064,0.05699220999511798,10,0.55,0.55,left,0.49300779000488204,0.056831619204593654,0.00016059079052432867,0.0,0.006599252091393094,0.00013584537340798064,0.006735097464801054,0.0,-0.006599252091393094,-0.00013584537340798064,-0.006735097464801054,0.006735097464801054
1.1599999999999966,7.478498716819856,0.1500315717639579,11,0.55,0.55,left,0.3999684282360422,0.14979149087141427,0.00024008089254362597,1.1599999999999966,7.482196391576003,0.1364372499485885,11,0.55,0.55,left,0.4135627500514115,0.1363141783859468,0.00012307156264168562,0.0,0.013477312485467463,0.00011700932990194035,0.013594321815369348,0.0,-0.013477312485467463,-0.00011700932990194035,-0.013594321815369348,0.013594321815369348
1.2599999999999945,8.053128752167023,0.19683439031380456,12,0.55,0.55,left,0.3531656096861955,0.19702470984277454,-0.00019031952896997328,1.2599999999999945,8.058529713939233,0.17396687300428987,12,0.55,0.55,left,0.3760331269957102,0.17406534794798081,-9.8474943690946e-05,0.0,0.022959361894793723,-9.184458527902728e-05,0.022867517309514696,0.0,-0.022959361894793723,9.184458527902728e-05,-0.02286751730951475,0.022867517309514696
1.3599999999999923,8.62820977030344,0.18317492051678966,13,0.55,0.55,left,0.3668250794832104,0.18333914105836116,-0.00016422054157150257,1.3599999999999923,8.634105751674355,0.14906487959879566,13,0.55,0.55,left,0.4009351204012044,0.14914876195675714,-8.388235796147336e-05,0.0,0.034190379101604024,-8.03381836100292e-05,0.03411004091799397,0.0,-0.034190379101604024,8.03381836100292e-05,-0.03411004091799397,0.03411004091799397
1.4599999999999902,9.196746842002687,0.10554779235279951,14,0.55,0.55,left,0.4444522076472005,0.10574035305355686,-0.00019256070075734932,1.4599999999999902,9.20197196080381,0.058238425128260315,14,0.55,0.55,left,0.4917615748717397,0.058339101649031985,-0.00010067652077166978,0.0,0.04740125140452488,-9.188417998567955e-05,0.04730936722453921,0.0,-0.04740125140452488,9.188417998567955e-05,-0.04730936722453927,0.04730936722453921
1.559999999999988,9.754892670478919,-0.0224466989537604,15,0.55,0.55,right,0.5275533010462397,-0.022178057704530758,-0.0002686412492296439,1.559999999999988,9.755671708331835,-0.08476720683169726,15,0.55,0.55,right,0.4652327931683028,-0.08462257842134974,-0.0001446284103475276,0.0,0.06244452071681898,-0.00012401283888211628,0.06232050787793686,0.0,-0.06244452071681898,0.00012401283888211628,-0.06232050787793686,-0.06232050787793686
1.659999999999986,10.305980464658475,-0.16598022443508392,16,0.55,0.55,right,0.3840197755649161,-0.1656982633822171,-0.00028196105286681927,1.659999999999986,10.29414562223769,-0.24530210161426244,16,0.55,0.55,right,0.3046978983857376,-0.24514421714229834,-0.0001578844719641037,0.0,0.07944595376008123,-0.00012407658090271556,0.0793218771791786,0.0,-0.07944595376008123,0.00012407658090271556,-0.07932187717917855,-0.07932187717917855
1.7599999999999838,10.860764935543378,-0.27786601279265466,17,0.55,0.55,right,0.2721339872073454,-0.2777014755956389,-0.0001645371970157572,1.7599999999999838,10.828871366020868,-0.37707939161626247,17,0.55,0.55,right,0.17292060838373757,-0.3769837797958988,-9.561182036366134e-05,0.0,0.09928230420025991,-6.892537665209586e-05,0.09921337882360781,0.0,-0.09928230420025991,6.892537665209586e-05,-0.09921337882360781,-0.09921337882360781
1.8599999999999817,11.425944078115561,-0.32130926460091197,18,0.55,0.55,right,0.22869073539908807,-0.32140159655395667,9.233195304469977e-05,1.8599999999999817,11.372879657624896,-0.443488620299026,18,0.55,0.55,right,0.10651137970097402,-0.4435448821113462,5.626181232015748e-05,0.0,0.12214328555738951,3.607014072454229e-05,0.12217935569811411,0.0,-0.12214328555738951,-3.607014072454229e-05,-0.12217935569811406,-0.12217935569811406
1.9599999999999795,11.99484452514074,-0.2811350164794216,19,0.55,0.55,right,0.26886498352057847,-0.2812107558931398,7.573941371824544e-05,1.9599999999999795,11.922983865623786,-0.42827315397494214,19,0.55,0.55,right,0.1217268460250579,-0.42831946121862396,4.6307243681820154e-05,0.0,0.14710870532548415,2.9432170036425287e-05,0.14713813749552063,0.0,-0.14710870532548415,-2.9432170036425287e-05,-0.14713813749552057,-0.14713813749552057
