regime,host,release_number,plan_id,release_time,target_time,readiness_minus_target,accepted_handoff_minus_target,pending_category,state,A_signed,B_signed,A_absolute,B_absolute,absolute_increase,outcome
R1,A,1,1,0.1,0.117,0.018000000000000002,0.018000000000000002,due_now,r,0.03690172796035074,1.1102230246251565e-16,0.03690172796035074,1.1102230246251565e-16,-0.03690172796035063,better
R1,A,1,1,0.1,0.117,0.018000000000000002,0.018000000000000002,due_now,e_psi,0.0003031805569788659,-2.4740278817159123e-05,0.0003031805569788659,2.4740278817159123e-05,-0.0002784402781617068,better
R1,A,1,1,0.1,0.117,0.018000000000000002,0.018000000000000002,due_now,e_y,2.590913328823219e-05,-1.0852126620802816e-06,2.590913328823219e-05,1.0852126620802816e-06,-2.4823920626151907e-05,better
R1,A,2,2,0.2,0.23500000000000001,0.0,0.0,due_now,r,-0.046295920715736044,0.00030632777798364486,0.046295920715736044,0.00030632777798364486,-0.0459895929377524,better
R1,A,2,2,0.2,0.23500000000000001,0.0,0.0,due_now,e_psi,-0.0009892549719943133,-5.984356976584948e-05,0.0009892549719943133,5.984356976584948e-05,-0.0009294114022284639,better
R1,A,2,2,0.2,0.23500000000000001,0.0,0.0,due_now,e_y,-9.274190204233007e-05,-5.362732089217448e-06,9.274190204233007e-05,5.362732089217448e-06,-8.737916995311262e-05,better
R1,A,3,3,0.3,0.33499999999999996,0.0,0.0,due_now,r,0.0005028067379252987,0.0005141654146375851,0.0005028067379252987,0.0005141654146375851,1.1358676712286409e-05,worse
R1,A,3,3,0.3,0.33499999999999996,0.0,0.0,due_now,e_psi,-6.91666326373408e-05,-6.500613503135355e-05,6.91666326373408e-05,6.500613503135355e-05,-4.160497605987246e-06,better
R1,A,3,3,0.3,0.33499999999999996,0.0,0.0,due_now,e_y,-6.375479534991013e-06,-5.939347216626922e-06,6.375479534991013e-06,5.939347216626922e-06,-4.3613231836409083e-07,better
R1,A,4,4,0.4,0.43500000000000005,0.0,-5.551115123125783e-17,due_now,r,0.0005847878804727535,0.000559341087433024,0.0005847878804727535,0.000559341087433024,-2.544679303972952e-05,better
R1,A,4,4,0.4,0.43500000000000005,0.0,-5.551115123125783e-17,due_now,e_psi,-5.993406423865366e-05,-6.966978076494712e-05,5.993406423865366e-05,6.966978076494712e-05,9.735716526293459e-06,worse
R1,A,4,4,0.4,0.43500000000000005,0.0,-5.551115123125783e-17,due_now,e_y,-5.464519311824609e-06,-6.482160090871478e-06,5.464519311824609e-06,6.482160090871478e-06,1.0176407790468689e-06,worse
R1,A,5,5,0.5,0.535,0.0,0.0,due_now,r,0.0006312868232893828,0.000591331118384289,0.0006312868232893828,0.000591331118384289,-3.995570490509387e-05,better
R1,A,5,5,0.5,0.535,0.0,0.0,due_now,e_psi,-5.693408070506223e-05,-7.275274722884362e-05,5.693408070506223e-05,7.275274722884362e-05,1.581866652378139e-05,worse
R1,A,5,5,0.5,0.535,0.0,0.0,due_now,e_y,-5.2217263679221054e-06,-6.873053530002601e-06,5.2217263679221054e-06,6.873053530002601e-06,1.651327162080496e-06,worse
R1,A,6,6,0.6,0.635,0.0,0.0,due_now,r,0.0006582425104591644,0.0006110483927205951,0.0006582425104591644,0.0006110483927205951,-4.71941177385693e-05,better
R1,A,6,6,0.6,0.635,0.0,0.0,due_now,e_psi,-5.524035032156149e-05,-7.44132418430965e-05,5.524035032156149e-05,7.44132418430965e-05,1.9172891521535007e-05,worse
R1,A,6,6,0.6,0.635,0.0,0.0,due_now,e_y,-5.12004007257932e-06,-7.118332386922641e-06,5.12004007257932e-06,7.118332386922641e-06,1.998292314343321e-06,worse
R1,A,7,7,0.7000000000000001,0.7350000000000001,0.0,-1.1102230246251565e-16,due_now,r,0.0006627244211511174,0.0006100749302819508,0.0006627244211511174,0.0006100749302819508,-5.264949086916659e-05,better
R1,A,7,7,0.7000000000000001,0.7350000000000001,0.0,-1.1102230246251565e-16,due_now,e_psi,-3.8835325467001525e-05,-6.0124471405575974e-05,3.8835325467001525e-05,6.0124471405575974e-05,2.128914593857445e-05,worse
R1,A,7,7,0.7000000000000001,0.7350000000000001,0.0,-1.1102230246251565e-16,due_now,e_y,-4.834527748347195e-06,-7.0491847634644765e-06,4.834527748347195e-06,7.0491847634644765e-06,2.2146570151172816e-06,worse
R1,A,8,8,0.8,0.8350000000000001,0.0,0.0,due_now,r,-7.080063799241865e-05,-6.390184782784081e-05,7.080063799241865e-05,6.390184782784081e-05,-6.898790164577839e-06,better
R1,A,8,8,0.8,0.8350000000000001,0.0,0.0,due_now,e_psi,4.809128469673851e-06,7.685628529152666e-06,4.809128469673851e-06,7.685628529152666e-06,2.876500059478815e-06,worse
R1,A,8,8,0.8,0.8350000000000001,0.0,0.0,due_now,e_y,4.4985611089595583e-07,7.485582453703541e-07,4.4985611089595583e-07,7.485582453703541e-07,2.987021344743983e-07,worse
R1,A,9,9,0.9,0.935,0.0,0.0,due_now,r,-6.688279594285751e-05,-6.379380613412422e-05,6.688279594285751e-05,6.379380613412422e-05,-3.088989808733289e-06,better
R1,A,9,9,0.9,0.935,0.0,0.0,due_now,e_psi,6.293556471970163e-06,7.6254793235364104e-06,6.293556471970163e-06,7.6254793235364104e-06,1.3319228515662473e-06,worse
R1,A,9,9,0.9,0.935,0.0,0.0,due_now,e_y,6.091264929267495e-07,7.474238338188964e-07,6.091264929267495e-07,7.474238338188964e-07,1.3829734089214687e-07,worse
R1,A,10,10,1.0,1.035,0.0,-6.661338147750939e-16,due_now,r,-6.805530162434792e-05,-6.348591197731512e-05,6.805530162434792e-05,6.348591197731512e-05,-4.5693896470327955e-06,better
R1,A,10,10,1.0,1.035,0.0,-6.661338147750939e-16,due_now,e_psi,5.52385364294139e-06,7.550894030039501e-06,5.52385364294139e-06,7.550894030039501e-06,2.0270403870981113e-06,worse
R1,A,10,10,1.0,1.035,0.0,-6.661338147750939e-16,due_now,e_y,5.336480189612348e-07,7.440090928946281e-07,5.336480189612348e-07,7.440090928946281e-07,2.1036107393339332e-07,worse
R1,A,11,11,1.0999999999999979,1.1349999999999978,0.0,-6.661338147750939e-16,due_now,r,-6.698532956149472e-05,-6.305210850927889e-05,6.698532956149472e-05,6.305210850927889e-05,-3.9332210522158295e-06,better
R1,A,11,11,1.0999999999999979,1.1349999999999978,0.0,-6.661338147750939e-16,due_now,e_psi,5.6794023901574064e-06,7.467925885684679e-06,5.6794023901574064e-06,7.467925885684679e-06,1.7885234955272722e-06,worse
R1,A,11,11,1.0999999999999979,1.1349999999999978,0.0,-6.661338147750939e-16,due_now,e_y,5.53501077152135e-07,7.390504590950534e-07,5.53501077152135e-07,7.390504590950534e-07,1.855493819429184e-07,worse
R1,A,12,12,1.1999999999999957,1.2349999999999957,0.0,-6.661338147750939e-16,due_now,r,-6.623525637139416e-05,-6.253461206078004e-05,6.623525637139416e-05,6.253461206078004e-05,-3.7006443106141207e-06,better
R1,A,12,12,1.1999999999999957,1.2349999999999957,0.0,-6.661338147750939e-16,due_now,e_psi,5.665057714931976e-06,7.381678679863057e-06,5.665057714931976e-06,7.381678679863057e-06,1.7166209649310815e-06,worse
R1,A,12,12,1.1999999999999957,1.2349999999999957,0.0,-6.661338147750939e-16,due_now,e_y,5.551184160838612e-07,7.331564061942514e-07,5.551184160838612e-07,7.331564061942514e-07,1.780379901103902e-07,worse
R1,A,13,13,1.2999999999999936,1.3349999999999935,0.0,-6.661338147750939e-16,due_now,r,-6.561384065374709e-05,-6.198221234754442e-05,6.561384065374709e-05,6.198221234754442e-05,-3.631628306202672e-06,better
R1,A,13,13,1.2999999999999936,1.3349999999999935,0.0,-6.661338147750939e-16,due_now,e_psi,5.583962465749437e-06,7.296472630979878e-06,5.583962465749437e-06,7.296472630979878e-06,1.7125101652304409e-06,worse
R1,A,13,13,1.2999999999999936,1.3349999999999935,0.0,-6.661338147750939e-16,due_now,e_y,5.492862447426146e-07,7.268527510539535e-07,5.492862447426146e-07,7.268527510539535e-07,1.7756650631133887e-07,worse
R1,A,14,14,1.3999999999999915,1.4349999999999914,0.0,-6.661338147750939e-16,due_now,r,-6.50309552031672e-05,-6.14369034696513e-05,6.50309552031672e-05,6.14369034696513e-05,-3.5940517335159017e-06,better
R1,A,14,14,1.3999999999999915,1.4349999999999914,0.0,-6.661338147750939e-16,due_now,e_psi,5.4977684063040044e-06,7.216116201025358e-06,5.4977684063040044e-06,7.216116201025358e-06,1.7183477947213532e-06,worse
R1,A,14,14,1.3999999999999915,1.4349999999999914,0.0,-6.661338147750939e-16,due_now,e_y,5.424756033826548e-07,7.206099866570578e-07,5.424756033826548e-07,7.206099866570578e-07,1.7813438327440303e-07,worse
R1,A,15,15,1.4999999999999893,1.5349999999999893,0.0,-6.661338147750939e-16,due_now,r,-6.451265195482614e-05,-6.0932289467928447e-05,6.451265195482614e-05,6.0932289467928447e-05,-3.5803624868976924e-06,better
R1,A,15,15,1.4999999999999893,1.5349999999999893,0.0,-6.661338147750939e-16,due_now,e_psi,5.411661279985935e-06,7.143734416903413e-06,5.411661279985935e-06,7.143734416903413e-06,1.732073136917478e-06,worse
R1,A,15,15,1.4999999999999893,1.5349999999999893,0.0,-6.661338147750939e-16,due_now,e_y,5.352896956642341e-07,7.148153643378626e-07,5.352896956642341e-07,7.148153643378626e-07,1.7952566867362844e-07,worse
R1,A,16,16,1.5999999999999872,1.6349999999999871,0.0,-6.661338147750939e-16,due_now,r,-6.403672363912427e-05,-6.0495800986569426e-05,6.403672363912427e-05,6.0495800986569426e-05,-3.5409226525548454e-06,better
R1,A,16,16,1.5999999999999872,1.6349999999999871,0.0,-6.661338147750939e-16,due_now,e_psi,5.351623034055564e-06,7.0819280040268495e-06,5.351623034055564e-06,7.0819280040268495e-06,1.7303049699712858e-06,worse
R1,A,16,16,1.5999999999999872,1.6349999999999871,0.0,-6.661338147750939e-16,due_now,e_y,5.304755109198885e-07,7.097920061304884e-07,5.304755109198885e-07,7.097920061304884e-07,1.7931649521059985e-07,worse
R1,A,17,17,1.699999999999985,1.734999999999985,0.0,-6.661338147750939e-16,due_now,r,-6.35974643467957e-05,-6.014999202420476e-05,6.35974643467957e-05,6.014999202420476e-05,-3.447472322590933e-06,better
R1,A,17,17,1.699999999999985,1.734999999999985,0.0,-6.661338147750939e-16,due_now,e_psi,5.333675851204589e-06,7.032837001208492e-06,5.333675851204589e-06,7.032837001208492e-06,1.6991611500039028e-06,worse
R1,A,17,17,1.699999999999985,1.734999999999985,0.0,-6.661338147750939e-16,due_now,e_y,5.29739124383098e-07,7.058070857947764e-07,5.29739124383098e-07,7.058070857947764e-07,1.7606796141167837e-07,worse
R1,A,18,18,1.799999999999983,1.8349999999999829,0.0,-6.661338147750939e-16,due_now,r,-6.318058529133225e-05,-5.989221005097897e-05,6.318058529133225e-05,5.989221005097897e-05,-3.288375240353275e-06,better
R1,A,18,18,1.799999999999983,1.8349999999999829,0.0,-6.661338147750939e-16,due_now,e_psi,5.360334233817099e-06,6.995803561338221e-06,5.360334233817099e-06,6.995803561338221e-06,1.6354693275211218e-06,worse
R1,A,18,18,1.799999999999983,1.8349999999999829,0.0,-6.661338147750939e-16,due_now,e_y,5.332811607433314e-07,7.027193321451131e-07,5.332811607433314e-07,7.027193321451131e-07,1.694381714017817e-07,worse
R1,A,19,19,1.8999999999999808,1.9349999999999807,0.0,-6.661338147750939e-16,due_now,r,-6.273495724153956e-05,-5.967188425287477e-05,6.273495724153956e-05,5.967188425287477e-05,-3.063072988664789e-06,better
R1,A,19,19,1.8999999999999808,1.9349999999999807,0.0,-6.661338147750939e-16,due_now,e_psi,5.424474907478327e-06,6.965861173657828e-06,5.424474907478327e-06,6.965861173657828e-06,1.5413862661795008e-06,worse
R1,A,19,19,1.8999999999999808,1.9349999999999807,0.0,-6.661338147750939e-16,due_now,e_y,5.40087179574586e-07,6.997267217881084e-07,5.40087179574586e-07,6.997267217881084e-07,1.596395422135224e-07,worse
R1,B,1,1,0.1,0.117,0.018000000000000002,0.018000000000000002,due_now,r,0.03690172796035074,1.1102230246251565e-16,0.03690172796035074,1.1102230246251565e-16,-0.03690172796035063,better
R1,B,1,1,0.1,0.117,0.018000000000000002,0.018000000000000002,due_now,e_psi,0.0003031805569788659,-2.4740278817159123e-05,0.0003031805569788659,2.4740278817159123e-05,-0.0002784402781617068,better
R1,B,1,1,0.1,0.117,0.018000000000000002,0.018000000000000002,due_now,e_y,2.590913328823219e-05,-1.0852126620802816e-06,2.590913328823219e-05,1.0852126620802816e-06,-2.4823920626151907e-05,better
R1,B,2,2,0.2,0.23500000000000001,0.0,0.0,due_now,r,-0.0579509188665949,0.00030562134255052165,0.0579509188665949,0.00030562134255052165,-0.057645297524044375,better
R1,B,2,2,0.2,0.23500000000000001,0.0,0.0,due_now,e_psi,-0.0012081007417270584,-5.98500230899468e-05,0.0012081007417270584,5.98500230899468e-05,-0.0011482507186371116,better
R1,B,2,2,0.2,0.23500000000000001,0.0,0.0,due_now,e_y,-0.00011320621289068189,-5.3632166053807495e-06,0.00011320621289068189,5.3632166053807495e-06,-0.00010784299628530114,better
R1,B,3,3,0.3,0.33499999999999996,0.0,0.0,due_now,r,0.0005265725106378683,0.0005144515369394087,0.0005265725106378683,0.0005144515369394087,-1.2120973698459547e-05,better
R1,B,3,3,0.3,0.33499999999999996,0.0,0.0,due_now,e_psi,-6.05348808653261e-05,-6.499983296581746e-05,6.05348808653261e-05,6.499983296581746e-05,4.4649521004913595e-06,worse
R1,B,3,3,0.3,0.33499999999999996,0.0,0.0,due_now,e_y,-5.472920390568736e-06,-5.938557950377343e-06,5.472920390568736e-06,5.938557950377343e-06,4.656375598086071e-07,worse
R1,B,4,4,0.4,0.43500000000000005,0.0,-5.551115123125783e-17,due_now,r,0.0005872400834886493,0.0005593233196349023,0.0005872400834886493,0.0005593233196349023,-2.7916763853746973e-05,better
R1,B,4,4,0.4,0.43500000000000005,0.0,-5.551115123125783e-17,due_now,e_psi,-5.8989445051782496e-05,-6.966889191728498e-05,5.8989445051782496e-05,6.966889191728498e-05,1.0679446865502484e-05,worse
R1,B,4,4,0.4,0.43500000000000005,0.0,-5.551115123125783e-17,due_now,e_y,-5.3656664191527315e-06,-6.48194144109264e-06,5.3656664191527315e-06,6.48194144109264e-06,1.1162750219399081e-06,worse
R1,B,5,5,0.5,0.535,0.0,0.0,due_now,r,0.0006309240381754608,0.000591303073612548,0.0006309240381754608,0.000591303073612548,-3.962096456291281e-05,better
R1,B,5,5,0.5,0.535,0.0,0.0,due_now,e_psi,-5.707047706682289e-05,-7.275182258803525e-05,5.707047706682289e-05,7.275182258803525e-05,1.5681345521212364e-05,worse
R1,B,5,5,0.5,0.535,0.0,0.0,due_now,e_y,-5.235886659780455e-06,-6.87287623866821e-06,5.235886659780455e-06,6.87287623866821e-06,1.6369895788877556e-06,worse
R1,B,6,6,0.6,0.635,0.0,0.0,due_now,r,0.0006581202857073448,0.0006110230903236952,0.0006581202857073448,0.0006110230903236952,-4.709719538364965e-05,better
R1,B,6,6,0.6,0.635,0.0,0.0,due_now,e_psi,-5.527898404888987e-05,-7.441149058839969e-05,5.527898404888987e-05,7.441149058839969e-05,1.913250653950982e-05,worse
R1,B,6,6,0.6,0.635,0.0,0.0,due_now,e_y,-5.123994955771524e-06,-7.118082476578486e-06,5.123994955771524e-06,7.118082476578486e-06,1.994087520806962e-06,worse
R1,B,7,7,0.7000000000000001,0.7350000000000001,0.0,-1.1102230246251565e-16,due_now,r,0.0006626536728139842,0.0006100956244255717,0.0006626536728139842,0.0006100956244255717,-5.255804838841249e-05,better
R1,B,7,7,0.7000000000000001,0.7350000000000001,0.0,-1.1102230246251565e-16,due_now,e_psi,-3.887300331761878e-05,-6.0130409123004824e-05,3.887300331761878e-05,6.0130409123004824e-05,2.1257405805386043e-05,worse
R1,B,7,7,0.7000000000000001,0.7350000000000001,0.0,-1.1102230246251565e-16,due_now,e_y,-4.837769892906637e-06,-7.049140937301888e-06,4.837769892906637e-06,7.049140937301888e-06,2.211371044395251e-06,worse
R1,B,8,8,0.8,0.8350000000000001,0.0,0.0,due_now,r,-7.090004108672998e-05,-6.390174865467113e-05,7.090004108672998e-05,6.390174865467113e-05,-6.99829243205885e-06,better
R1,B,8,8,0.8,0.8350000000000001,0.0,0.0,due_now,e_psi,4.766646800824503e-06,7.685485199804276e-06,4.766646800824503e-06,7.685485199804276e-06,2.918838398979773e-06,worse
R1,B,8,8,0.8,0.8350000000000001,0.0,0.0,due_now,e_y,4.4543672375889527e-07,7.485385103906447e-07,4.4543672375889527e-07,7.485385103906447e-07,3.031017866317494e-07,worse
R1,B,9,9,0.9,0.935,0.0,0.0,due_now,r,-6.685064536401941e-05,-6.379350924827498e-05,6.685064536401941e-05,6.379350924827498e-05,-3.05713611574443e-06,better
R1,B,9,9,0.9,0.935,0.0,0.0,due_now,e_psi,6.307013930673122e-06,7.6253942071780045e-06,6.307013930673122e-06,7.6253942071780045e-06,1.3183802765048824e-06,worse
R1,B,9,9,0.9,0.935,0.0,0.0,due_now,e_y,6.105191545598999e-07,7.474113246602569e-07,6.105191545598999e-07,7.474113246602569e-07,1.3689217010035698e-07,worse
R1,B,10,10,1.0,1.035,0.0,-6.661338147750939e-16,due_now,r,-6.802175037275149e-05,-6.348580078163746e-05,6.802175037275149e-05,6.348580078163746e-05,-4.53594959111403e-06,better
R1,B,10,10,1.0,1.035,0.0,-6.661338147750939e-16,due_now,e_psi,5.538432041429786e-06,7.550843868830981e-06,5.538432041429786e-06,7.550843868830981e-06,2.012411827401195e-06,worse
R1,B,10,10,1.0,1.035,0.0,-6.661338147750939e-16,due_now,e_y,5.351573952759245e-07,7.440011983116373e-07,5.351573952759245e-07,7.440011983116373e-07,2.088438030357128e-07,worse
R1,B,11,11,1.0999999999999979,1.1349999999999978,0.0,-6.661338147750939e-16,due_now,r,-6.696222980230593e-05,-6.305198657542699e-05,6.696222980230593e-05,6.305198657542699e-05,-3.91024322687894e-06,better
R1,B,11,11,1.0999999999999979,1.1349999999999978,0.0,-6.661338147750939e-16,due_now,e_psi,5.6897330300564875e-06,7.467897850332861e-06,5.6897330300564875e-06,7.467897850332861e-06,1.7781648202763733e-06,worse
R1,B,11,11,1.0999999999999979,1.1349999999999978,0.0,-6.661338147750939e-16,due_now,e_y,5.545703738909624e-07,7.3904552846016e-07,5.545703738909624e-07,7.3904552846016e-07,1.8447515456919764e-07,worse
R1,B,12,12,1.1999999999999957,1.2349999999999957,0.0,-6.661338147750939e-16,due_now,r,-6.621859586497525e-05,-6.253449883013296e-05,6.621859586497525e-05,6.253449883013296e-05,-3.684097034842293e-06,better
R1,B,12,12,1.1999999999999957,1.2349999999999957,0.0,-6.661338147750939e-16,due_now,e_psi,5.672680027490884e-06,7.381663164274244e-06,5.672680027490884e-06,7.381663164274244e-06,1.7089831367833597e-06,worse
R1,B,12,12,1.1999999999999957,1.2349999999999957,0.0,-6.661338147750939e-16,due_now,e_y,5.559071680881099e-07,7.331532432482179e-07,5.559071680881099e-07,7.331532432482179e-07,1.77246075160108e-07,worse
R1,B,13,13,1.2999999999999936,1.3349999999999935,0.0,-6.661338147750939e-16,due_now,r,-6.560125092221203e-05,-6.198210458505105e-05,6.560125092221203e-05,6.198210458505105e-05,-3.6191463371609833e-06,better
R1,B,13,13,1.2999999999999936,1.3349999999999935,0.0,-6.661338147750939e-16,due_now,e_psi,5.589830075258817e-06,7.296464066719466e-06,5.589830075258817e-06,7.296464066719466e-06,1.7066339914606488e-06,worse
R1,B,13,13,1.2999999999999936,1.3349999999999935,0.0,-6.661338147750939e-16,due_now,e_y,5.498932848947008e-07,7.268506389931017e-07,5.498932848947008e-07,7.268506389931017e-07,1.7695735409840093e-07,worse
R1,B,14,14,1.3999999999999915,1.4349999999999914,0.0,-6.661338147750939e-16,due_now,r,-6.502025512365728e-05,-6.143680373745658e-05,6.502025512365728e-05,6.143680373745658e-05,-3.583451386200698e-06,better
R1,B,14,14,1.3999999999999915,1.4349999999999914,0.0,-6.661338147750939e-16,due_now,e_psi,5.502836100124142e-06,7.216111305385908e-06,5.502836100124142e-06,7.216111305385908e-06,1.7132752052617661e-06,worse
R1,B,14,14,1.3999999999999915,1.4349999999999914,0.0,-6.661338147750939e-16,due_now,e_y,5.429998861925835e-07,7.206084946485554e-07,5.429998861925835e-07,7.206084946485554e-07,1.776086084559719e-07,worse
R1,B,15,15,1.4999999999999893,1.5349999999999893,0.0,-6.661338147750939e-16,due_now,r,-6.450280126207852e-05,-6.093219971516073e-05,6.450280126207852e-05,6.093219971516073e-05,-3.5706015469177954e-06,better
R1,B,15,15,1.4999999999999893,1.5349999999999893,0.0,-6.661338147750939e-16,due_now,e_psi,5.4163905547355284e-06,7.143731301173517e-06,5.4163905547355284e-06,7.143731301173517e-06,1.7273407464379886e-06,worse
R1,B,15,15,1.4999999999999893,1.5349999999999893,0.0,-6.661338147750939e-16,due_now,e_y,5.357790218802824e-07,7.148142387899655e-07,5.357790218802824e-07,7.148142387899655e-07,1.7903521690968306e-07,worse
R1,B,16,16,1.5999999999999872,1.6349999999999871,0.0,-6.661338147750939e-16,due_now,r,-6.40271921126187e-05,-6.049572093094063e-05,6.40271921126187e-05,6.049572093094063e-05,-3.5314711816780697e-06,better
R1,B,16,16,1.5999999999999872,1.6349999999999871,0.0,-6.661338147750939e-16,due_now,e_psi,5.356250687427178e-06,7.081925555763036e-06,5.356250687427178e-06,7.081925555763036e-06,1.725674868335858e-06,worse
R1,B,16,16,1.5999999999999872,1.6349999999999871,0.0,-6.661338147750939e-16,due_now,e_y,5.309543958403765e-07,7.097910940303132e-07,5.309543958403765e-07,7.097910940303132e-07,1.7883669818993678e-07,worse
R1,B,17,17,1.699999999999985,1.734999999999985,0.0,-6.661338147750939e-16,due_now,r,-6.358807221733612e-05,-6.014991966469749e-05,6.358807221733612e-05,6.014991966469749e-05,-3.438152552638629e-06,better
R1,B,17,17,1.699999999999985,1.734999999999985,0.0,-6.661338147750939e-16,due_now,e_psi,5.338277147881598e-06,7.032834510312114e-06,5.338277147881598e-06,7.032834510312114e-06,1.6945573624305155e-06,worse
R1,B,17,17,1.699999999999985,1.734999999999985,0.0,-6.661338147750939e-16,due_now,e_y,5.302153490054974e-07,7.058062875609015e-07,5.302153490054974e-07,7.058062875609015e-07,1.7559093855540418e-07,worse
R1,B,18,18,1.799999999999983,1.8349999999999829,0.0,-6.661338147750939e-16,due_now,r,-6.31714162932992e-05,-5.989214821756905e-05,6.31714162932992e-05,5.989214821756905e-05,-3.2792680757301462e-06,better
R1,B,18,18,1.799999999999983,1.8349999999999829,0.0,-6.661338147750939e-16,due_now,e_psi,5.364870303559144e-06,6.995801216547193e-06,5.364870303559144e-06,6.995801216547193e-06,1.630930912988049e-06,worse
R1,B,18,18,1.799999999999983,1.8349999999999829,0.0,-6.661338147750939e-16,due_now,e_y,5.33750680375381e-07,7.027186794715057e-07,5.33750680375381e-07,7.027186794715057e-07,1.6896799909612474e-07,worse
R1,B,19,19,1.8999999999999808,1.9349999999999807,0.0,-6.661338147750939e-16,due_now,r,-6.272619687419136e-05,-5.967183928765399e-05,6.272619687419136e-05,5.967183928765399e-05,-3.054357586537368e-06,better
R1,B,19,19,1.8999999999999808,1.9349999999999807,0.0,-6.661338147750939e-16,due_now,e_psi,5.4288660762402685e-06,6.965859425278609e-06,5.4288660762402685e-06,6.965859425278609e-06,1.5369933490383403e-06,worse
R1,B,19,19,1.8999999999999808,1.9349999999999807,0.0,-6.661338147750939e-16,due_now,e_y,5.405417099141677e-07,6.997262914271206e-07,5.405417099141677e-07,6.997262914271206e-07,1.5918458151295296e-07,worse
R2,A,1,1,0.1,0.117,0.018000000000000002,0.018000000000000002,future,r,0.01549591650095028,-0.0032676499347032983,0.01549591650095028,0.0032676499347032983,-0.012228266566246981,better
R2,A,1,1,0.1,0.117,0.018000000000000002,0.018000000000000002,future,e_psi,8.910392813277213e-05,-4.8549012231724475e-05,8.910392813277213e-05,4.8549012231724475e-05,-4.055491590104765e-05,better
R2,A,1,1,0.1,0.117,0.018000000000000002,0.018000000000000002,future,e_y,8.108133828940711e-06,-3.0894883166765474e-06,8.108133828940711e-06,3.0894883166765474e-06,-5.018645512264164e-06,better
R2,A,2,2,0.2,0.23500000000000001,0.0,0.0,future,r,0.033103592256629844,0.005697095705868904,0.033103592256629844,0.005697095705868904,-0.02740649655076094,better
R2,A,2,2,0.2,0.23500000000000001,0.0,0.0,future,e_psi,0.0005525315321524005,7.473157773496553e-06,0.0005525315321524005,7.473157773496553e-06,-0.0005450583743789039,better
R2,A,2,2,0.2,0.23500000000000001,0.0,0.0,future,e_y,5.095196466533419e-05,1.5548810143595215e-07,5.095196466533419e-05,1.5548810143595215e-07,-5.079647656389824e-05,better
R2,A,3,3,0.3,0.33499999999999996,0.0,0.0,future,r,-0.0006454332918412881,-0.002938639946750171,0.0006454332918412881,0.002938639946750171,0.002293206654908883,worse
R2,A,3,3,0.3,0.33499999999999996,0.0,0.0,future,e_psi,3.126098012229406e-05,-0.000172204851274671,3.126098012229406e-05,0.000172204851274671,0.00014094387115237694,worse
R2,A,3,3,0.3,0.33499999999999996,0.0,0.0,future,e_y,4.058465849825221e-06,-1.5961992818690207e-05,4.058465849825221e-06,1.5961992818690207e-05,1.1903526968864986e-05,worse
R2,A,4,4,0.4,0.43500000000000005,0.0,-5.551115123125783e-17,future,r,5.15420781273257e-06,-2.1120589048663485e-05,5.15420781273257e-06,2.1120589048663485e-05,1.5966381235930915e-05,worse
R2,A,4,4,0.4,0.43500000000000005,0.0,-5.551115123125783e-17,future,e_psi,-7.323543780390906e-05,-7.849558135397672e-05,7.323543780390906e-05,7.849558135397672e-05,5.260143550067653e-06,worse
R2,A,4,4,0.4,0.43500000000000005,0.0,-5.551115123125783e-17,future,e_y,-6.757447750296505e-06,-7.291814023131435e-06,6.757447750296505e-06,7.291814023131435e-06,5.343662728349297e-07,worse
R2,A,5,5,0.5,0.535,0.0,0.0,future,r,-0.00036769571327908285,-0.00040148137911443643,0.00036769571327908285,0.00040148137911443643,3.3785665835353584e-05,worse
R2,A,5,5,0.5,0.535,0.0,0.0,future,e_psi,-8.100796025667378e-05,-8.789641542117366e-05,8.100796025667378e-05,8.789641542117366e-05,6.888455164499874e-06,worse
R2,A,5,5,0.5,0.535,0.0,0.0,future,e_y,-7.561875915547238e-06,-8.260803735956647e-06,7.561875915547238e-06,8.260803735956647e-06,6.98927820409409e-07,worse
R2,A,6,6,0.6,0.635,0.0,0.0,future,r,-0.0005896976419680344,-0.0006315395471776092,0.0005896976419680344,0.0006315395471776092,4.184190520957476e-05,worse
R2,A,6,6,0.6,0.635,0.0,0.0,future,e_psi,-8.496091405785222e-05,-9.36081778650788e-05,8.496091405785222e-05,9.36081778650788e-05,8.64726380722658e-06,worse
R2,A,6,6,0.6,0.635,0.0,0.0,future,e_y,-8.00072055990187e-06,-8.876826503336366e-06,8.00072055990187e-06,8.876826503336366e-06,8.761059434344957e-07,worse
R2,A,7,7,0.7000000000000001,0.7350000000000001,0.0,-1.1102230246251565e-16,future,r,-0.0007004917869975757,-0.0007474864603199405,0.0007004917869975757,0.0007474864603199405,4.699467332236473e-05,worse
R2,A,7,7,0.7000000000000001,0.7350000000000001,0.0,-1.1102230246251565e-16,future,e_psi,-7.168017890002432e-05,-8.135885941706889e-05,7.168017890002432e-05,8.135885941706889e-05,9.678680517044569e-06,worse
R2,A,7,7,0.7000000000000001,0.7350000000000001,0.0,-1.1102230246251565e-16,future,e_y,-8.01724053576874e-06,-8.996142764779321e-06,8.01724053576874e-06,8.996142764779321e-06,9.789022290105807e-07,worse
R2,A,8,8,0.8,0.8350000000000001,0.0,0.0,future,r,0.00023128960028800938,0.00023579095796771865,0.00023128960028800938,0.00023579095796771865,4.5013576797092725e-06,worse
R2,A,8,8,0.8,0.8350000000000001,0.0,0.0,future,e_psi,1.1186208052293978e-05,1.2128560003432654e-05,1.1186208052293978e-05,1.2128560003432654e-05,9.423519511386758e-07,worse
R2,A,8,8,0.8,0.8350000000000001,0.0,0.0,future,e_y,1.0585127660185179e-06,1.1536406652796647e-06,1.0585127660185179e-06,1.1536406652796647e-06,9.512789926114686e-08,worse
R2,A,9,9,0.9,0.935,0.0,0.0,future,r,5.866216254937773e-05,6.017459806197112e-05,5.866216254937773e-05,6.017459806197112e-05,1.5124355125933908e-06,worse
R2,A,9,9,0.9,0.935,0.0,0.0,future,e_psi,9.16827999297709e-06,9.490528526612252e-06,9.16827999297709e-06,9.490528526612252e-06,3.2224853363516104e-07,worse
R2,A,9,9,0.9,0.935,0.0,0.0,future,e_y,8.851366778625525e-07,9.17674259578961e-07,8.851366778625525e-07,9.17674259578961e-07,3.253758171640857e-08,worse
R2,A,10,10,1.0,1.035,0.0,-6.661338147750939e-16,future,r,4.6781510787061165e-05,5.113607938543596e-05,4.6781510787061165e-05,5.113607938543596e-05,4.354568598374797e-06,worse
R2,A,10,10,1.0,1.035,0.0,-6.661338147750939e-16,future,e_psi,8.444125849216277e-06,9.385660084682002e-06,8.444125849216277e-06,9.385660084682002e-06,9.415342354657241e-07,worse
R2,A,10,10,1.0,1.035,0.0,-6.661338147750939e-16,future,e_y,8.169869895923235e-07,9.119930728693042e-07,8.169869895923235e-07,9.119930728693042e-07,9.500608327698071e-08,worse
R2,A,11,11,1.0999999999999979,1.1349999999999978,0.0,-6.661338147750939e-16,future,r,4.0954687066788176e-05,4.456395192888041e-05,4.0954687066788176e-05,4.456395192888041e-05,3.609264862092232e-06,worse
R2,A,11,11,1.0999999999999979,1.1349999999999978,0.0,-6.661338147750939e-16,future,e_psi,8.37038078049801e-06,9.160470113567243e-06,8.37038078049801e-06,9.160470113567243e-06,7.900893330692327e-07,worse
R2,A,11,11,1.0999999999999979,1.1349999999999978,0.0,-6.661338147750939e-16,future,e_y,8.141688779569976e-07,8.938705094644998e-07,8.141688779569976e-07,8.938705094644998e-07,7.970163150750227e-08,worse
R2,A,12,12,1.1999999999999957,1.2349999999999957,0.0,-6.661338147750939e-16,future,r,3.879051578054016e-05,4.217352148412623e-05,3.879051578054016e-05,4.217352148412623e-05,3.3830057035860728e-06,worse
R2,A,12,12,1.1999999999999957,1.2349999999999957,0.0,-6.661338147750939e-16,future,e_psi,8.27085013810347e-06,9.01873557790367e-06,8.27085013810347e-06,9.01873557790367e-06,7.478854398001999e-07,worse
R2,A,12,12,1.1999999999999957,1.2349999999999957,0.0,-6.661338147750939e-16,future,e_y,8.074069387154935e-07,8.828321539005929e-07,8.074069387154935e-07,8.828321539005929e-07,7.54252151850994e-08,worse
R2,A,13,13,1.2999999999999936,1.3349999999999935,0.0,-6.661338147750939e-16,future,r,3.9854303186787066e-05,4.3206496116846016e-05,3.9854303186787066e-05,4.3206496116846016e-05,3.3521929300589504e-06,worse
R2,A,13,13,1.2999999999999936,1.3349999999999935,0.0,-6.661338147750939e-16,future,e_psi,8.191248817901453e-06,8.938291969240453e-06,8.191248817901453e-06,8.938291969240453e-06,7.470431513389997e-07,worse
R2,A,13,13,1.2999999999999936,1.3349999999999935,0.0,-6.661338147750939e-16,future,e_y,8.015927082256338e-07,8.769167731019012e-07,8.015927082256338e-07,8.769167731019012e-07,7.532406487626743e-08,worse
R2,A,14,14,1.3999999999999915,1.4349999999999914,0.0,-6.661338147750939e-16,future,r,4.1395911156587306e-05,4.473953218109977e-05,4.1395911156587306e-05,4.473953218109977e-05,3.3436210245124665e-06,worse
R2,A,14,14,1.3999999999999915,1.4349999999999914,0.0,-6.661338147750939e-16,future,e_psi,8.122285161338283e-06,8.872438279183825e-06,8.122285161338283e-06,8.872438279183825e-06,7.501531178455423e-07,worse
R2,A,14,14,1.3999999999999915,1.4349999999999914,0.0,-6.661338147750939e-16,future,e_y,7.963334380660684e-07,8.719573527336539e-07,7.963334380660684e-07,8.719573527336539e-07,7.562391466758552e-08,worse
R2,A,15,15,1.4999999999999893,1.5349999999999893,0.0,-6.661338147750939e-16,future,r,4.3073690130207565e-05,4.64355972292288e-05,4.3073690130207565e-05,4.64355972292288e-05,3.361907099021233e-06,worse
R2,A,15,15,1.4999999999999893,1.5349999999999893,0.0,-6.661338147750939e-16,future,e_psi,8.06050693391569e-06,8.81904847505055e-06,8.06050693391569e-06,8.81904847505055e-06,7.585415411348606e-07,worse
R2,A,15,15,1.4999999999999893,1.5349999999999893,0.0,-6.661338147750939e-16,future,e_y,7.914043331840807e-07,8.678623861216241e-07,7.914043331840807e-07,8.678623861216241e-07,7.64580529375434e-08,worse
R2,A,16,16,1.5999999999999872,1.6349999999999871,0.0,-6.661338147750939e-16,future,r,4.378156853342141e-05,4.712360854137315e-05,4.378156853342141e-05,4.712360854137315e-05,3.342040007951741e-06,worse
R2,A,16,16,1.5999999999999872,1.6349999999999871,0.0,-6.661338147750939e-16,future,e_psi,8.003381315901947e-06,8.76107058589426e-06,8.003381315901947e-06,8.76107058589426e-06,7.576892699923121e-07,worse
R2,A,16,16,1.5999999999999872,1.6349999999999871,0.0,-6.661338147750939e-16,future,e_y,7.867931453545314e-07,8.631557825682773e-07,7.867931453545314e-07,8.631557825682773e-07,7.636263721374592e-08,worse
R2,A,17,17,1.699999999999985,1.734999999999985,0.0,-6.661338147750939e-16,future,r,4.25510568290155e-05,4.5802939777052354e-05,4.25510568290155e-05,4.5802939777052354e-05,3.251882948036855e-06,worse
R2,A,17,17,1.699999999999985,1.734999999999985,0.0,-6.661338147750939e-16,future,e_psi,7.94455719077547e-06,8.684815532955525e-06,7.94455719077547e-06,8.684815532955525e-06,7.402583421800557e-07,worse
R2,A,17,17,1.699999999999985,1.734999999999985,0.0,-6.661338147750939e-16,future,e_y,7.820610916222737e-07,8.566592580860357e-07,7.820610916222737e-07,8.566592580860357e-07,7.459816646376198e-08,worse
R2,A,18,18,1.799999999999983,1.8349999999999829,0.0,-6.661338147750939e-16,future,r,3.8998519828241374e-05,4.208239689047072e-05,3.8998519828241374e-05,4.208239689047072e-05,3.0838770622293454e-06,worse
R2,A,18,18,1.799999999999983,1.8349999999999829,0.0,-6.661338147750939e-16,future,e_psi,7.878711212327971e-06,8.583781569981852e-06,7.878711212327971e-06,8.583781569981852e-06,7.050703576538808e-07,worse
R2,A,18,18,1.799999999999983,1.8349999999999829,0.0,-6.661338147750939e-16,future,e_y,7.76661592306405e-07,8.477019912216089e-07,7.76661592306405e-07,8.477019912216089e-07,7.10403989152039e-08,worse
R2,A,19,19,1.8999999999999808,1.9349999999999807,0.0,-6.661338147750939e-16,future,r,3.32035179267335e-05,3.604724295635381e-05,3.32035179267335e-05,3.604724295635381e-05,2.8437250296203115e-06,worse
R2,A,19,19,1.8999999999999808,1.9349999999999807,0.0,-6.661338147750939e-16,future,e_psi,7.800216306197427e-06,8.454163031856865e-06,7.800216306197427e-06,8.454163031856865e-06,6.539467256594378e-07,worse
R2,A,19,19,1.8999999999999808,1.9349999999999807,0.0,-6.661338147750939e-16,future,e_y,7.697286205945965e-07,8.355984110752237e-07,7.697286205945965e-07,8.355984110752237e-07,6.586979048062722e-08,worse
R2,B,1,1,0.1,0.117,0.018000000000000002,0.018000000000000002,future,r,0.01549591650095028,-0.0032676499347032983,0.01549591650095028,0.0032676499347032983,-0.012228266566246981,better
R2,B,1,1,0.1,0.117,0.018000000000000002,0.018000000000000002,future,e_psi,8.910392813277213e-05,-4.8549012231724475e-05,8.910392813277213e-05,4.8549012231724475e-05,-4.055491590104765e-05,better
R2,B,1,1,0.1,0.117,0.018000000000000002,0.018000000000000002,future,e_y,8.108133828940711e-06,-3.0894883166765474e-06,8.108133828940711e-06,3.0894883166765474e-06,-5.018645512264164e-06,better
R2,B,2,2,0.2,0.23500000000000001,0.0,0.0,future,r,0.039425408253854155,0.005696577546334292,0.039425408253854155,0.005696577546334292,-0.03372883070751986,better
R2,B,2,2,0.2,0.23500000000000001,0.0,0.0,future,e_psi,0.0006365040780029751,7.4655868216311205e-06,0.0006365040780029751,7.4655868216311205e-06,-0.000629038491181344,better
R2,B,2,2,0.2,0.23500000000000001,0.0,0.0,future,e_y,5.84822613987207e-05,1.5813600961339658e-07,5.84822613987207e-05,1.5813600961339658e-07,-5.8324125389107306e-05,better
R2,B,3,3,0.3,0.33499999999999996,0.0,0.0,future,r,-0.0014327821932824808,-0.00248327720502442,0.0014327821932824808,0.00248327720502442,0.0010504950117419393,worse
R2,B,3,3,0.3,0.33499999999999996,0.0,0.0,future,e_psi,-2.8451389712635944e-05,-0.00015740225098470617,2.8451389712635944e-05,0.00015740225098470617,0.00012895086127207023,worse
R2,B,3,3,0.3,0.33499999999999996,0.0,0.0,future,e_y,-1.6786903390755836e-06,-1.4576725260867507e-05,1.6786903390755836e-06,1.4576725260867507e-05,1.2898034921791923e-05,worse
R2,B,4,4,0.4,0.43500000000000005,0.0,-5.551115123125783e-17,future,r,-2.94535951467223e-06,-2.675968959316155e-05,2.94535951467223e-06,2.675968959316155e-05,2.381433007848932e-05,worse
R2,B,4,4,0.4,0.43500000000000005,0.0,-5.551115123125783e-17,future,e_psi,-7.37276372881901e-05,-7.84952983434728e-05,7.37276372881901e-05,7.84952983434728e-05,4.7676610552827015e-06,worse
R2,B,4,4,0.4,0.43500000000000005,0.0,-5.551115123125783e-17,future,e_y,-6.8069295990052375e-06,-7.291262750383498e-06,6.8069295990052375e-06,7.291262750383498e-06,4.843331513782606e-07,worse
R2,B,5,5,0.5,0.535,0.0,0.0,future,r,-0.0003655950992514645,-0.0003992851622507815,0.0003655950992514645,0.0003992851622507815,3.369006299931698e-05,worse
R2,B,5,5,0.5,0.535,0.0,0.0,future,e_psi,-8.099167494002302e-05,-8.786022171447527e-05,8.099167494002302e-05,8.786022171447527e-05,6.8685467744522555e-06,worse
R2,B,5,5,0.5,0.535,0.0,0.0,future,e_y,-7.560514747303147e-06,-8.25742190154171e-06,7.560514747303147e-06,8.25742190154171e-06,6.96907154238563e-07,worse
R2,B,6,6,0.6,0.635,0.0,0.0,future,r,-0.0005900628645556516,-0.0006319292744470795,0.0005900628645556516,0.0006319292744470795,4.186640989142787e-05,worse
R2,B,6,6,0.6,0.635,0.0,0.0,future,e_psi,-8.496137117486313e-05,-9.361325476975324e-05,8.496137117486313e-05,9.361325476975324e-05,8.651883594890108e-06,worse
R2,B,6,6,0.6,0.635,0.0,0.0,future,e_y,-8.00066758557599e-06,-8.877240426143854e-06,8.00066758557599e-06,8.877240426143854e-06,8.765728405678644e-07,worse
R2,B,7,7,0.7000000000000001,0.7350000000000001,0.0,-1.1102230246251565e-16,future,r,-0.0007013465767986837,-0.0007483285555038299,0.0007013465767986837,0.0007483285555038299,4.69819787051462e-05,worse
R2,B,7,7,0.7000000000000001,0.7350000000000001,0.0,-1.1102230246251565e-16,future,e_psi,-7.169765531811478e-05,-8.13735332698684e-05,7.169765531811478e-05,8.13735332698684e-05,9.67587795175362e-06,worse
R2,B,7,7,0.7000000000000001,0.7350000000000001,0.0,-1.1102230246251565e-16,future,e_y,-8.018584841246656e-06,-8.99720327995077e-06,8.018584841246656e-06,8.99720327995077e-06,9.786184387041135e-07,worse
R2,B,8,8,0.8,0.8350000000000001,0.0,0.0,future,r,0.00023024646322733489,0.00023474894870226248,0.00023024646322733489,0.00023474894870226248,4.502485474927598e-06,worse
R2,B,8,8,0.8,0.8350000000000001,0.0,0.0,future,e_psi,1.1169678232558766e-05,1.2112286221110935e-05,1.1169678232558766e-05,1.2112286221110935e-05,9.426079885521688e-07,worse
R2,B,8,8,0.8,0.8350000000000001,0.0,0.0,future,e_y,1.056998718614575e-06,1.152152483576579e-06,1.056998718614575e-06,1.152152483576579e-06,9.515376496200406e-08,worse
R2,B,9,9,0.9,0.935,0.0,0.0,future,r,5.852040245916956e-05,6.003743826869801e-05,5.852040245916956e-05,6.003743826869801e-05,1.5170358095284442e-06,worse
R2,B,9,9,0.9,0.935,0.0,0.0,future,e_psi,9.165535457711371e-06,9.488766447240948e-06,9.165535457711371e-06,9.488766447240948e-06,3.2323098952957707e-07,worse
R2,B,9,9,0.9,0.935,0.0,0.0,future,e_y,8.848751798010666e-07,9.175119450777116e-07,8.848751798010666e-07,9.175119450777116e-07,3.2636765276644955e-08,worse
R2,B,10,10,1.0,1.035,0.0,-6.661338147750939e-16,future,r,4.659366042866764e-05,5.093796353045077e-05,4.659366042866764e-05,5.093796353045077e-05,4.344303101783131e-06,worse
R2,B,10,10,1.0,1.035,0.0,-6.661338147750939e-16,future,e_psi,8.443003508773472e-06,9.382327059270779e-06,8.443003508773472e-06,9.382327059270779e-06,9.393235504973063e-07,worse
R2,B,10,10,1.0,1.035,0.0,-6.661338147750939e-16,future,e_y,8.169021957391779e-07,9.116853033723504e-07,8.169021957391779e-07,9.116853033723504e-07,9.478310763317253e-08,worse
R2,B,11,11,1.0999999999999979,1.1349999999999978,0.0,-6.661338147750939e-16,future,r,4.089308523183566e-05,4.449815780273314e-05,4.089308523183566e-05,4.449815780273314e-05,3.605072570897483e-06,worse
R2,B,11,11,1.0999999999999979,1.1349999999999978,0.0,-6.661338147750939e-16,future,e_psi,8.370234122256903e-06,9.159409267933682e-06,8.370234122256903e-06,9.159409267933682e-06,7.891751456767793e-07,worse
R2,B,11,11,1.0999999999999979,1.1349999999999978,0.0,-6.661338147750939e-16,future,e_y,8.141620317641141e-07,8.937715051506381e-07,8.141620317641141e-07,8.937715051506381e-07,7.960947338652401e-08,worse
R2,B,12,12,1.1999999999999957,1.2349999999999957,0.0,-6.661338147750939e-16,future,r,3.877261030299506e-05,4.215223829337478e-05,3.877261030299506e-05,4.215223829337478e-05,3.379627990379719e-06,worse
R2,B,12,12,1.1999999999999957,1.2349999999999957,0.0,-6.661338147750939e-16,future,e_psi,8.271214906763191e-06,9.018354887313507e-06,8.271214906763191e-06,9.018354887313507e-06,7.471399805503154e-07,worse
R2,B,12,12,1.1999999999999957,1.2349999999999957,0.0,-6.661338147750939e-16,future,e_y,8.074454878675367e-07,8.82795563961398e-07,8.074454878675367e-07,8.82795563961398e-07,7.535007609386132e-08,worse
R2,B,13,13,1.2999999999999936,1.3349999999999935,0.0,-6.661338147750939e-16,future,r,3.987289466193811e-05,4.322331394798762e-05,3.987289466193811e-05,4.322331394798762e-05,3.3504192860495108e-06,worse
R2,B,13,13,1.2999999999999936,1.3349999999999935,0.0,-6.661338147750939e-16,future,e_psi,8.191897823639493e-06,8.938545408287979e-06,8.191897823639493e-06,8.938545408287979e-06,7.466475846484855e-07,worse
R2,B,13,13,1.2999999999999936,1.3349999999999935,0.0,-6.661338147750939e-16,future,e_y,8.016543015824593e-07,8.769385110766028e-07,8.016543015824593e-07,8.769385110766028e-07,7.52842094941435e-08,worse
R2,B,14,14,1.3999999999999915,1.4349999999999914,0.0,-6.661338147750939e-16,future,r,4.143934637030472e-05,4.4782076609094223e-05,4.143934637030472e-05,4.4782076609094223e-05,3.342730238789504e-06,worse
R2,B,14,14,1.3999999999999915,1.4349999999999914,0.0,-6.661338147750939e-16,future,e_psi,8.12316778819877e-06,8.873119842878197e-06,8.12316778819877e-06,8.873119842878197e-06,7.499520546794258e-07,worse
R2,B,14,14,1.3999999999999915,1.4349999999999914,0.0,-6.661338147750939e-16,future,e_y,7.96414802453464e-07,8.720184687037945e-07,7.96414802453464e-07,8.720184687037945e-07,7.560366625033055e-08,worse
R2,B,15,15,1.4999999999999893,1.5349999999999893,0.0,-6.661338147750939e-16,future,r,4.313097266874649e-05,4.649246993035372e-05,4.313097266874649e-05,4.649246993035372e-05,3.361497261607227e-06,worse
R2,B,15,15,1.4999999999999893,1.5349999999999893,0.0,-6.661338147750939e-16,future,e_psi,8.061524977787116e-06,8.819972439511048e-06,8.061524977787116e-06,8.819972439511048e-06,7.584474617239323e-07,worse
R2,B,15,15,1.4999999999999893,1.5349999999999893,0.0,-6.661338147750939e-16,future,e_y,7.914972620973702e-07,8.67945847408849e-07,7.914972620973702e-07,8.67945847408849e-07,7.644858531147877e-08,worse
R2,B,16,16,1.5999999999999872,1.6349999999999871,0.0,-6.661338147750939e-16,future,r,4.384647333463554e-05,4.7188375810996996e-05,4.384647333463554e-05,4.7188375810996996e-05,3.341902476361458e-06,worse
R2,B,16,16,1.5999999999999872,1.6349999999999871,0.0,-6.661338147750939e-16,future,e_psi,8.00447532567361e-06,8.762131759265657e-06,8.00447532567361e-06,8.762131759265657e-06,7.576564335920466e-07,worse
R2,B,16,16,1.5999999999999872,1.6349999999999871,0.0,-6.661338147750939e-16,future,e_y,7.868925973941797e-07,8.632519363393934e-07,7.868925973941797e-07,8.632519363393934e-07,7.635933894521371e-08,worse
R2,B,17,17,1.699999999999985,1.734999999999985,0.0,-6.661338147750939e-16,future,r,4.261879123500928e-05,4.587065402892471e-05,4.261879123500928e-05,4.587065402892471e-05,3.2518627939154277e-06,worse
R2,B,17,17,1.699999999999985,1.734999999999985,0.0,-6.661338147750939e-16,future,e_psi,7.945678575094206e-06,8.68593085368019e-06,7.945678575094206e-06,8.68593085368019e-06,7.402522785859844e-07,worse
R2,B,17,17,1.699999999999985,1.734999999999985,0.0,-6.661338147750939e-16,future,e_y,7.82162917400389e-07,8.56760480932384e-07,7.82162917400389e-07,8.56760480932384e-07,7.459756353199497e-08,worse
R2,B,18,18,1.799999999999983,1.8349999999999829,0.0,-6.661338147750939e-16,future,r,3.906566225197333e-05,4.214956871529535e-05,3.906566225197333e-05,4.214956871529535e-05,3.083906463322017e-06,worse
R2,B,18,18,1.799999999999983,1.8349999999999829,0.0,-6.661338147750939e-16,future,e_psi,7.879817240041831e-06,8.58489303956489e-06,7.879817240041831e-06,8.58489303956489e-06,7.050757995230583e-07,worse
R2,B,18,18,1.799999999999983,1.8349999999999829,0.0,-6.661338147750939e-16,future,e_y,7.767620259671961e-07,8.47802979933956e-07,7.767620259671961e-07,8.47802979933956e-07,7.104095396675983e-08,worse
R2,B,19,19,1.8999999999999808,1.9349999999999807,0.0,-6.661338147750939e-16,future,r,3.32674821309515e-05,3.6111257232398705e-05,3.32674821309515e-05,3.6111257232398705e-05,2.8437751014472046e-06,worse
R2,B,19,19,1.8999999999999808,1.9349999999999807,0.0,-6.661338147750939e-16,future,e_psi,7.801270785812164e-06,8.455227996417847e-06,7.801270785812164e-06,8.455227996417847e-06,6.539572106056823e-07,worse
R2,B,19,19,1.8999999999999808,1.9349999999999807,0.0,-6.661338147750939e-16,future,e_y,7.698244269130415e-07,8.356952789881117e-07,7.698244269130415e-07,8.356952789881117e-07,6.587085207507021e-08,worse
R3,A,1,1,0.1,0.117,0.043,0.043,future,r,0.01549591650095028,-0.0032676499347032983,0.01549591650095028,0.0032676499347032983,-0.012228266566246981,better
R3,A,1,1,0.1,0.117,0.043,0.043,future,e_psi,8.910392813277213e-05,-4.8549012231724475e-05,8.910392813277213e-05,4.8549012231724475e-05,-4.055491590104765e-05,better
R3,A,1,1,0.1,0.117,0.043,0.043,future,e_y,8.108133828940711e-06,-3.0894883166765474e-06,8.108133828940711e-06,3.0894883166765474e-06,-5.018645512264164e-06,better
R3,A,2,2,0.2,0.26,0.0,0.0,future,r,0.03467634343596743,-0.0015631731558330975,0.03467634343596743,0.0015631731558330975,-0.03311317028013433,better
R3,A,2,2,0.2,0.26,0.0,0.0,future,e_psi,0.0013433966283309395,1.136474230234441e-05,0.0013433966283309395,1.136474230234441e-05,-0.0013320318860285951,better
R3,A,2,2,0.2,0.26,0.0,0.0,future,e_y,0.00013808910738546953,-5.4324129045643654e-06,0.00013808910738546953,5.4324129045643654e-06,-0.00013265669448090517,better
R3,A,3,3,0.3,0.36,0.0,0.0,future,r,0.0007579927964389693,0.001386697408653978,0.0007579927964389693,0.001386697408653978,0.0006287046122150086,worse
R3,A,3,3,0.3,0.36,0.0,0.0,future,e_psi,-0.00010905881992595567,-0.00016381408277998943,0.00010905881992595567,0.00016381408277998943,5.475526285403376e-05,worse
R3,A,3,3,0.3,0.36,0.0,0.0,future,e_y,-1.7024377738455998e-05,-2.5340963670631572e-05,1.7024377738455998e-05,2.5340963670631572e-05,8.316585932175574e-06,worse
R3,A,4,4,0.4,0.46,0.0,0.0,future,r,0.0007311544912846843,0.0008158006382097613,0.0007311544912846843,0.0008158006382097613,8.464614692507699e-05,worse
R3,A,4,4,0.4,0.46,0.0,0.0,future,e_psi,-0.00012015989235036884,-0.00012744990188906513,0.00012015989235036884,0.00012744990188906513,7.290009538696296e-06,worse
R3,A,4,4,0.4,0.46,0.0,0.0,future,e_y,-2.0063467373552038e-05,-2.117059465606315e-05,2.0063467373552038e-05,2.117059465606315e-05,1.1071272825111111e-06,worse
R3,A,5,5,0.5,0.56,0.0,0.0,future,r,0.0005382112458678853,0.0006319295591806912,0.0005382112458678853,0.0006319295591806912,9.371831331280583e-05,worse
R3,A,5,5,0.5,0.56,0.0,0.0,future,e_psi,-0.00013705011606024442,-0.0001450485481542252,0.00013705011606024442,0.0001450485481542252,7.998432093980767e-06,worse
R3,A,5,5,0.5,0.56,0.0,0.0,future,e_y,-2.247880146040264e-05,-2.369140673697239e-05,2.247880146040264e-05,2.369140673697239e-05,1.2126052765697518e-06,worse
R3,A,6,6,0.6,0.6599999999999999,0.0,0.0,future,r,0.00044167416302465234,0.000533680789189861,0.00044167416302465234,0.000533680789189861,9.20066261652086e-05,worse
R3,A,6,6,0.6,0.6599999999999999,0.0,0.0,future,e_psi,-0.0001464029748392548,-0.00015420708992852639,0.0001464029748392548,0.00015420708992852639,7.80411508927159e-06,worse
R3,A,6,6,0.6,0.6599999999999999,0.0,0.0,future,e_y,-2.3926265722872594e-05,-2.5106751485400383e-05,2.3926265722872594e-05,2.5106751485400383e-05,1.1804857625277894e-06,worse
R3,A,7,7,0.7,0.76,0.0,0.0,future,r,0.0005211722445609412,0.0006385871919273312,0.0005211722445609412,0.0006385871919273312,0.00011741494736638991,worse
R3,A,7,7,0.7,0.76,0.0,0.0,future,e_psi,-7.049282322979522e-05,-8.043345357400256e-05,7.049282322979522e-05,8.043345357400256e-05,9.940630344207335e-06,worse
R3,A,7,7,0.7,0.76,0.0,0.0,future,e_y,-1.790367375170782e-05,-1.9402578362144596e-05,1.790367375170782e-05,1.9402578362144596e-05,1.4989046104367748e-06,worse
R3,A,8,8,0.8,0.8600000000000001,0.0,-1.1102230246251565e-16,future,r,3.219559404463168e-05,6.3980850257217e-05,3.219559404463168e-05,6.3980850257217e-05,3.178525621258532e-05,worse
R3,A,8,8,0.8,0.8600000000000001,0.0,-1.1102230246251565e-16,future,e_psi,1.9662712669177296e-05,1.698375128444951e-05,1.9662712669177296e-05,1.698375128444951e-05,-2.678961384727785e-06,better
R3,A,8,8,0.8,0.8600000000000001,0.0,-1.1102230246251565e-16,future,e_y,3.068751493182087e-06,2.665742039526615e-06,3.068751493182087e-06,2.665742039526615e-06,-4.030094536554719e-07,better
R3,A,9,9,0.9,0.96,0.0,0.0,future,r,-6.460842294336855e-05,-5.098293200155035e-05,6.460842294336855e-05,5.098293200155035e-05,-1.3625490941818197e-05,better
R3,A,9,9,0.9,0.96,0.0,0.0,future,e_psi,1.4878836204879065e-05,1.3736976297806791e-05,1.4878836204879065e-05,1.3736976297806791e-05,-1.1418599070722735e-06,better
R3,A,9,9,0.9,0.96,0.0,0.0,future,e_y,2.541923190947735e-06,2.3701954702244447e-06,2.541923190947735e-06,2.3701954702244447e-06,-1.7172772072329007e-07,better
R3,A,10,10,1.0,1.06,0.0,-1.3322676295501878e-15,future,r,-5.878138429654678e-05,-7.21227908471872e-05,5.878138429654678e-05,7.21227908471872e-05,1.3341406550640422e-05,worse
R3,A,10,10,1.0,1.06,0.0,-1.3322676295501878e-15,future,e_psi,1.4366945200183778e-05,1.5479247546412722e-05,1.4366945200183778e-05,1.5479247546412722e-05,1.1123023462289439e-06,worse
R3,A,10,10,1.0,1.06,0.0,-1.3322676295501878e-15,future,e_y,2.434886150724574e-06,2.6021359942653144e-06,2.434886150724574e-06,2.6021359942653144e-06,1.6724984354074025e-07,worse
R3,A,11,11,1.0999999999999979,1.159999999999998,0.0,-1.3322676295501878e-15,future,r,-6.393021936919319e-05,-7.346711823066898e-05,6.393021936919319e-05,7.346711823066898e-05,9.536898861475795e-06,worse
R3,A,11,11,1.0999999999999979,1.159999999999998,0.0,-1.3322676295501878e-15,future,e_psi,1.3938284571413107e-05,1.473002213447927e-05,1.3938284571413107e-05,1.473002213447927e-05,7.917375630661638e-07,worse
R3,A,11,11,1.0999999999999979,1.159999999999998,0.0,-1.3322676295501878e-15,future,e_y,2.396308958113212e-06,2.515365425741125e-06,2.396308958113212e-06,2.515365425741125e-06,1.1905646762791315e-07,worse
R3,A,12,12,1.1999999999999957,1.2599999999999958,0.0,-1.3322676295501878e-15,future,r,-6.419698956786068e-05,-7.308886347136279e-05,6.419698956786068e-05,7.308886347136279e-05,8.891873903502101e-06,worse
R3,A,12,12,1.1999999999999957,1.2599999999999958,0.0,-1.3322676295501878e-15,future,e_psi,1.3716648564976452e-05,1.4452388366947844e-05,1.3716648564976452e-05,1.4452388366947844e-05,7.357398019713912e-07,worse
R3,A,12,12,1.1999999999999957,1.2599999999999958,0.0,-1.3322676295501878e-15,future,e_y,2.371052593139731e-06,2.4816815074448027e-06,2.371052593139731e-06,2.4816815074448027e-06,1.1062891430507153e-07,worse
R3,A,13,13,1.2999999999999936,1.3599999999999937,0.0,-1.3322676295501878e-15,future,r,-6.207905309340428e-05,-7.089219461235002e-05,6.207905309340428e-05,7.089219461235002e-05,8.813141518945744e-06,worse
R3,A,13,13,1.2999999999999936,1.3599999999999937,0.0,-1.3322676295501878e-15,future,e_psi,1.3626526822019258e-05,1.4353803655886566e-05,1.3626526822019258e-05,1.4353803655886566e-05,7.272768338673075e-07,worse
R3,A,13,13,1.2999999999999936,1.3599999999999937,0.0,-1.3322676295501878e-15,future,e_y,2.357213337362673e-06,2.466558398541612e-06,2.357213337362673e-06,2.466558398541612e-06,1.0934506117893893e-07,worse
R3,A,14,14,1.3999999999999915,1.4599999999999915,0.0,-1.3322676295501878e-15,future,r,-5.994378622779101e-05,-6.859849987200795e-05,5.994378622779101e-05,6.859849987200795e-05,8.654713644216938e-06,worse
R3,A,14,14,1.3999999999999915,1.4599999999999915,0.0,-1.3322676295501878e-15,future,e_psi,1.3560336489248925e-05,1.4272961188499522e-05,1.3560336489248925e-05,1.4272961188499522e-05,7.126246992505969e-07,worse
R3,A,14,14,1.3999999999999915,1.4599999999999915,0.0,-1.3322676295501878e-15,future,e_y,2.3454837822958047e-06,2.452614797299505e-06,2.3454837822958047e-06,2.452614797299505e-06,1.0713101500370043e-07,worse
R3,A,15,15,1.4999999999999893,1.5599999999999894,0.0,-1.3322676295501878e-15,future,r,-5.7549217721462875e-05,-6.629795581856307e-05,5.7549217721462875e-05,6.629795581856307e-05,8.748738097100195e-06,worse
R3,A,15,15,1.4999999999999893,1.5599999999999894,0.0,-1.3322676295501878e-15,future,e_psi,1.352311657010219e-05,1.424215244538729e-05,1.352311657010219e-05,1.424215244538729e-05,7.190358752851012e-07,worse
R3,A,15,15,1.4999999999999893,1.5599999999999894,0.0,-1.3322676295501878e-15,future,e_y,2.3362949985622798e-06,2.4443807779666042e-06,2.3362949985622798e-06,2.4443807779666042e-06,1.0808577940432445e-07,worse
R3,A,16,16,1.5999999999999872,1.6599999999999873,0.0,-1.3322676295501878e-15,future,r,-5.665839178850551e-05,-6.512200299925441e-05,5.665839178850551e-05,6.512200299925441e-05,8.4636112107489e-06,worse
R3,A,16,16,1.5999999999999872,1.6599999999999873,0.0,-1.3322676295501878e-15,future,e_psi,1.3443621568409725e-05,1.4138141035680007e-05,1.3443621568409725e-05,1.4138141035680007e-05,6.945194672702826e-07,worse
R3,A,16,16,1.5999999999999872,1.6599999999999873,0.0,-1.3322676295501878e-15,future,e_y,2.323981823554815e-06,2.428375374470993e-06,2.323981823554815e-06,2.428375374470993e-06,1.0439355091617785e-07,worse
R3,A,17,17,1.699999999999985,1.7599999999999851,0.0,-1.3322676295501878e-15,future,r,-5.733279689694448e-05,-6.54350294264118e-05,5.733279689694448e-05,6.54350294264118e-05,8.102232529467318e-06,worse
R3,A,17,17,1.699999999999985,1.7599999999999851,0.0,-1.3322676295501878e-15,future,e_psi,1.3314967527211508e-05,1.3978960017091424e-05,1.3314967527211508e-05,1.3978960017091424e-05,6.639924898799165e-07,worse
R3,A,17,17,1.699999999999985,1.7599999999999851,0.0,-1.3322676295501878e-15,future,e_y,2.307636965237557e-06,2.407436869529165e-06,2.307636965237557e-06,2.407436869529165e-06,9.979990429160798e-08,worse
R3,A,18,18,1.799999999999983,1.859999999999983,0.0,-1.3322676295501878e-15,future,r,-6.0069341119548675e-05,-6.760423841360025e-05,6.0069341119548675e-05,6.760423841360025e-05,7.5348972940515735e-06,worse
R3,A,18,18,1.799999999999983,1.859999999999983,0.0,-1.3322676295501878e-15,future,e_psi,1.3111303359458759e-05,1.3728126170509114e-05,1.3111303359458759e-05,1.3728126170509114e-05,6.168228110503549e-07,worse
R3,A,18,18,1.799999999999983,1.859999999999983,0.0,-1.3322676295501878e-15,future,e_y,2.284305502929724e-06,2.376982307954439e-06,2.284305502929724e-06,2.376982307954439e-06,9.267680502471516e-08,worse
R3,A,19,19,1.8999999999999808,1.9599999999999809,0.0,-1.3322676295501878e-15,future,r,-6.411729058155343e-05,-7.114531506798201e-05,6.411729058155343e-05,7.114531506798201e-05,7.028024486428579e-06,worse
R3,A,19,19,1.8999999999999808,1.9599999999999809,0.0,-1.3322676295501878e-15,future,e_psi,1.285150250129874e-05,1.3426446693109995e-05,1.285150250129874e-05,1.3426446693109995e-05,5.749441918112552e-07,worse
R3,A,19,19,1.8999999999999808,1.9599999999999809,0.0,-1.3322676295501878e-15,future,e_y,2.2538350174390034e-06,2.340150042862122e-06,2.2538350174390034e-06,2.340150042862122e-06,8.631502542311847e-08,worse
R3,B,1,1,0.1,0.117,0.043,0.043,future,r,0.01549591650095028,-0.0032676499347032983,0.01549591650095028,0.0032676499347032983,-0.012228266566246981,better
R3,B,1,1,0.1,0.117,0.043,0.043,future,e_psi,8.910392813277213e-05,-4.8549012231724475e-05,8.910392813277213e-05,4.8549012231724475e-05,-4.055491590104765e-05,better
R3,B,1,1,0.1,0.117,0.043,0.043,future,e_y,8.108133828940711e-06,-3.0894883166765474e-06,8.108133828940711e-06,3.0894883166765474e-06,-5.018645512264164e-06,better
R3,B,2,2,0.2,0.26,0.0,0.0,future,r,0.045318970225185884,-0.0015635211402983962,0.045318970225185884,0.0015635211402983962,-0.04375544908488749,better
R3,B,2,2,0.2,0.26,0.0,0.0,future,e_psi,0.0016432053103709876,1.1344757564923924e-05,0.0016432053103709876,1.1344757564923924e-05,-0.0016318605528060637,better
R3,B,2,2,0.2,0.26,0.0,0.0,future,e_y,0.00016845465096530093,-5.425925977034507e-06,0.00016845465096530093,5.425925977034507e-06,-0.00016302872498826643,better
R3,B,3,3,0.3,0.36,0.0,0.0,future,r,0.0008089381666634074,0.001067908742949264,0.0008089381666634074,0.001067908742949264,0.00025897057628585657,worse
R3,B,3,3,0.3,0.36,0.0,0.0,future,e_psi,-0.00010552386702267214,-0.00012809441495953422,0.00010552386702267214,0.00012809441495953422,2.2570547936862084e-05,worse
R3,B,3,3,0.3,0.36,0.0,0.0,future,e_y,-1.7342277609539575e-05,-2.0769990873192867e-05,1.7342277609539575e-05,2.0769990873192867e-05,3.4277132636532925e-06,worse
R3,B,4,4,0.4,0.46,0.0,0.0,future,r,0.0007499343427746982,0.0008047106200569781,0.0007499343427746982,0.0008047106200569781,5.4776277282279906e-05,worse
R3,B,4,4,0.4,0.46,0.0,0.0,future,e_psi,-0.00011995254582330972,-0.0001246701398427419,0.00011995254582330972,0.0001246701398427419,4.71759401943217e-06,worse
R3,B,4,4,0.4,0.46,0.0,0.0,future,e_y,-2.010587604070642e-05,-2.082232780236705e-05,2.010587604070642e-05,2.082232780236705e-05,7.164517616606303e-07,worse
R3,B,5,5,0.5,0.56,0.0,0.0,future,r,0.0005374986356996847,0.0006352875380686573,0.0005374986356996847,0.0006352875380686573,9.778890236897264e-05,worse
R3,B,5,5,0.5,0.56,0.0,0.0,future,e_psi,-0.0001370047895181692,-0.0001453505693822521,0.0001370047895181692,0.0001453505693822521,8.345779864082914e-06,worse
R3,B,5,5,0.5,0.56,0.0,0.0,future,e_y,-2.2465223926492958e-05,-2.3730492867640382e-05,2.2465223926492958e-05,2.3730492867640382e-05,1.2652689411474238e-06,worse
R3,B,6,6,0.6,0.6599999999999999,0.0,0.0,future,r,0.00044182907180215225,0.0005337200896724237,0.00044182907180215225,0.0005337200896724237,9.189101787027143e-05,worse
R3,B,6,6,0.6,0.6599999999999999,0.0,0.0,future,e_psi,-0.00014639961469509188,-0.00015419401505178953,0.00014639961469509188,0.00015419401505178953,7.79440035669765e-06,worse
R3,B,6,6,0.6,0.6599999999999999,0.0,0.0,future,e_y,-2.392600009791697e-05,-2.510501132843134e-05,2.392600009791697e-05,2.510501132843134e-05,1.1790112305143721e-06,worse
R3,B,7,7,0.7,0.76,0.0,0.0,future,r,0.0005213729710838999,0.000638501957872184,0.0005213729710838999,0.000638501957872184,0.0001171289867882841,worse
R3,B,7,7,0.7,0.76,0.0,0.0,future,e_psi,-7.049196436526017e-05,-8.040856617386183e-05,7.049196436526017e-05,8.040856617386183e-05,9.916601808601655e-06,worse
R3,B,7,7,0.7,0.76,0.0,0.0,future,e_y,-1.7904219902896236e-05,-1.9399492175151934e-05,1.7904219902896236e-05,1.9399492175151934e-05,1.4952722722556973e-06,worse
R3,B,8,8,0.8,0.8600000000000001,0.0,-1.1102230246251565e-16,future,r,3.232854905912963e-05,6.389429382391842e-05,3.232854905912963e-05,6.389429382391842e-05,3.1565744764788795e-05,worse
R3,B,8,8,0.8,0.8600000000000001,0.0,-1.1102230246251565e-16,future,e_psi,1.96566935453113e-05,1.6996201776198205e-05,1.96566935453113e-05,1.6996201776198205e-05,-2.6604917691130936e-06,better
R3,B,8,8,0.8,0.8600000000000001,0.0,-1.1102230246251565e-16,future,e_y,3.0675537084103293e-06,2.6673237964016175e-06,3.0675537084103293e-06,2.6673237964016175e-06,-4.002299120087118e-07,better
R3,B,9,9,0.9,0.96,0.0,0.0,future,r,-6.449427606834701e-05,-5.0961863317045e-05,6.449427606834701e-05,5.0961863317045e-05,-1.3532412751302014e-05,better
R3,B,9,9,0.9,0.96,0.0,0.0,future,e_psi,1.4880498398373021e-05,1.3746429990302289e-05,1.4880498398373021e-05,1.3746429990302289e-05,-1.134068408070732e-06,better
R3,B,9,9,0.9,0.96,0.0,0.0,future,e_y,2.5418679513813415e-06,2.3713118649680218e-06,2.5418679513813415e-06,2.3713118649680218e-06,-1.7055608641331974e-07,better
R3,B,10,10,1.0,1.06,0.0,-1.3322676295501878e-15,future,r,-5.875497835347576e-05,-7.211704471656033e-05,5.875497835347576e-05,7.211704471656033e-05,1.3362066363084568e-05,worse
R3,B,10,10,1.0,1.06,0.0,-1.3322676295501878e-15,future,e_psi,1.4367003223991759e-05,1.548103313941951e-05,1.4367003223991759e-05,1.548103313941951e-05,1.11402991542775e-06,worse
R3,B,10,10,1.0,1.06,0.0,-1.3322676295501878e-15,future,e_y,2.4348284514228574e-06,2.602337876863193e-06,2.4348284514228574e-06,2.602337876863193e-06,1.6750942544033545e-07,worse
R3,B,11,11,1.0999999999999979,1.159999999999998,0.0,-1.3322676295501878e-15,future,r,-6.391329919910871e-05,-7.343312505800337e-05,6.391329919910871e-05,7.343312505800337e-05,9.51982585889466e-06,worse
R3,B,11,11,1.0999999999999979,1.159999999999998,0.0,-1.3322676295501878e-15,future,e_psi,1.394057023418327e-05,1.4730892788250571e-05,1.394057023418327e-05,1.4730892788250571e-05,7.90322554067302e-07,worse
R3,B,11,11,1.0999999999999979,1.159999999999998,0.0,-1.3322676295501878e-15,future,e_y,2.396586484300139e-06,2.515430159228142e-06,2.396586484300139e-06,2.515430159228142e-06,1.188436749280028e-07,worse
R3,B,12,12,1.1999999999999957,1.2599999999999958,0.0,-1.3322676295501878e-15,future,r,-6.420720711093619e-05,-7.307681708480784e-05,6.420720711093619e-05,7.307681708480784e-05,8.86960997387165e-06,worse
R3,B,12,12,1.1999999999999957,1.2599999999999958,0.0,-1.3322676295501878e-15,future,e_psi,1.371734868360619e-05,1.4451247679403423e-05,1.371734868360619e-05,1.4451247679403423e-05,7.338989957972331e-07,worse
R3,B,12,12,1.1999999999999957,1.2599999999999958,0.0,-1.3322676295501878e-15,future,e_y,2.3711722643641586e-06,2.481524398117627e-06,2.3711722643641586e-06,2.481524398117627e-06,1.1035213375346856e-07,worse
R3,B,13,13,1.2999999999999936,1.3599999999999937,0.0,-1.3322676295501878e-15,future,r,-6.208712871705324e-05,-7.088441686724234e-05,6.208712871705324e-05,7.088441686724234e-05,8.797288150189098e-06,worse
R3,B,13,13,1.2999999999999936,1.3599999999999937,0.0,-1.3322676295501878e-15,future,e_psi,1.3627110268199516e-05,1.4353079809570346e-05,1.3627110268199516e-05,1.4353079809570346e-05,7.2596954137083e-07,worse
R3,B,13,13,1.2999999999999936,1.3599999999999937,0.0,-1.3322676295501878e-15,future,e_y,2.3573082057599904e-06,2.4664567493996002e-06,2.3573082057599904e-06,2.4664567493996002e-06,1.0914854363960978e-07,worse
R3,B,14,14,1.3999999999999915,1.4599999999999915,0.0,-1.3322676295501878e-15,future,r,-5.994998725364353e-05,-6.858847113401512e-05,5.994998725364353e-05,6.858847113401512e-05,8.638483880371584e-06,worse
R3,B,14,14,1.3999999999999915,1.4599999999999915,0.0,-1.3322676295501878e-15,future,e_psi,1.3561004979845137e-05,1.427229404704633e-05,1.3561004979845137e-05,1.427229404704633e-05,7.112890672011929e-07,worse
R3,B,14,14,1.3999999999999915,1.4599999999999915,0.0,-1.3322676295501878e-15,future,e_y,2.345589226249666e-06,2.4525194834477504e-06,2.345589226249666e-06,2.4525194834477504e-06,1.0693025719808432e-07,worse
R3,B,15,15,1.4999999999999893,1.5599999999999894,0.0,-1.3322676295501878e-15,future,r,-5.755304676399037e-05,-6.628572333415572e-05,5.755304676399037e-05,6.628572333415572e-05,8.732676570165354e-06,worse
R3,B,15,15,1.4999999999999893,1.5599999999999894,0.0,-1.3322676295501878e-15,future,e_psi,1.3523892373523694e-05,1.4241608789156146e-05,1.3523892373523694e-05,1.4241608789156146e-05,7.177164156324523e-07,worse
R3,B,15,15,1.4999999999999893,1.5599999999999894,0.0,-1.3322676295501878e-15,future,e_y,2.3364120769836733e-06,2.444299542041445e-06,2.3364120769836733e-06,2.444299542041445e-06,1.0788746505777189e-07,worse
R3,B,16,16,1.5999999999999872,1.6599999999999873,0.0,-1.3322676295501878e-15,future,r,-5.665964726215417e-05,-6.510720880550241e-05,5.665964726215417e-05,6.510720880550241e-05,8.447561543348248e-06,worse
R3,B,16,16,1.5999999999999872,1.6599999999999873,0.0,-1.3322676295501878e-15,future,e_psi,1.3444543474072645e-05,1.413774640379728e-05,1.3444543474072645e-05,1.413774640379728e-05,6.932029297246345e-07,worse
R3,B,16,16,1.5999999999999872,1.6599999999999873,0.0,-1.3322676295501878e-15,future,e_y,2.324114999910419e-06,2.4283106823170695e-06,2.324114999910419e-06,2.4283106823170695e-06,1.0419568240665035e-07,worse
R3,B,17,17,1.699999999999985,1.7599999999999851,0.0,-1.3322676295501878e-15,future,r,-5.733257112622986e-05,-6.541916066319861e-05,5.733257112622986e-05,6.541916066319861e-05,8.086589536968752e-06,worse
R3,B,17,17,1.699999999999985,1.7599999999999851,0.0,-1.3322676295501878e-15,future,e_psi,1.3315943704572675e-05,1.3978654624047238e-05,1.3315943704572675e-05,1.3978654624047238e-05,6.627109194745628e-07,worse
R3,B,17,17,1.699999999999985,1.7599999999999851,0.0,-1.3322676295501878e-15,future,e_y,2.307775344598424e-06,2.407382640385908e-06,2.307775344598424e-06,2.407382640385908e-06,9.960729578748374e-08,worse
R3,B,18,18,1.799999999999983,1.859999999999983,0.0,-1.3322676295501878e-15,future,r,-6.0067980097854023e-05,-6.758798326843632e-05,6.0067980097854023e-05,6.758798326843632e-05,7.520003170582296e-06,worse
R3,B,18,18,1.799999999999983,1.859999999999983,0.0,-1.3322676295501878e-15,future,e_psi,1.3112304056761559e-05,1.3727907920202398e-05,1.3112304056761559e-05,1.3727907920202398e-05,6.15603863440839e-07,worse
R3,B,18,18,1.799999999999983,1.859999999999983,0.0,-1.3322676295501878e-15,future,e_y,2.2844451254300257e-06,2.376938794478305e-06,2.2844451254300257e-06,2.376938794478305e-06,9.249366904827937e-08,worse
R3,B,19,19,1.8999999999999808,1.9599999999999809,0.0,-1.3322676295501878e-15,future,r,-6.411547233961187e-05,-7.112961940786752e-05,6.411547233961187e-05,7.112961940786752e-05,7.0141470682556425e-06,worse
R3,B,19,19,1.8999999999999808,1.9599999999999809,0.0,-1.3322676295501878e-15,future,e_psi,1.285247230331521e-05,1.3426281460393596e-05,1.285247230331521e-05,1.3426281460393596e-05,5.738091570783865e-07,worse
R3,B,19,19,1.8999999999999808,1.9599999999999809,0.0,-1.3322676295501878e-15,future,e_y,2.253969330183957e-06,2.34011396100717e-06,2.253969330183957e-06,2.34011396100717e-06,8.614463082321291e-08,worse
