regime,host,state,phase,releases,comparable,excluded,A_rms,A_squared_error_share_percent,B_rms,B_squared_error_share_percent,better,worse,tie,maximum_absolute_increase
R1,A,r,release_1,1,1,0,0.03690172796035074,38.82948956656037,1.1102230246251565e-16,6.801900089598488e-25,1,0,0,-0.03690172796035063
R1,A,r,release_2,1,1,0,0.046295920715736044,61.11583179554783,0.00030632777798364486,5.178244471667549,1,0,0,-0.0459895929377524
R1,A,r,releases_3_19,17,17,0,0.00033585378345141436,0.05467863789179476,0.00031792497124248913,94.82175552833246,16,1,0,1.1358676712286409e-05
R1,A,e_psi,release_1,1,1,0,0.0003031805569788659,8.455500542814699,2.4740278817159123e-05,2.158547511072632,1,0,0,-0.0002784402781617068
R1,A,e_psi,release_2,1,1,0,0.0009892549719943133,90.02292342784817,5.984356976584948e-05,12.629536627729083,1,0,0,-0.0009294114022284639
R1,A,e_psi,releases_3_19,17,17,0,3.119277796281434e-05,1.5215760293371194,3.7700706415690024e-05,85.21191586119828,1,16,0,2.128914593857445e-05
R1,A,e_y,release_1,1,1,0,2.590913328823219e-05,7.123729647422258,1.0852126620802816e-06,0.4509935722265468,1,0,0,-2.4823920626151907e-05
R1,A,e_y,release_2,1,1,0,9.274190204233007e-05,91.27538131361955,5.362732089217448e-06,11.013182842376786,1,0,0,-8.737916995311262e-05
R1,A,e_y,releases_3_19,17,17,0,2.978895891594242e-06,1.6008890389581967,3.687777679675884e-06,88.53582358539667,1,16,0,2.2146570151172816e-06
R1,B,r,release_1,1,1,0,0.03690172796035074,28.83820855020222,1.1102230246251565e-16,6.8026391203766635e-25,1,0,0,-0.03690172796035063
R1,B,r,release_2,1,1,0,0.0579509188665949,71.12061859469476,0.00030562134255052165,5.154948501895439,1,0,0,-0.057645297524044375
R1,B,r,releases_3_19,17,17,0,0.0003381766323934547,0.04117285510300499,0.0003179467509278401,94.84505149810457,17,0,0,-3.054357586537368e-06
R1,B,e_psi,release_1,1,1,0,0.0003031805569788659,5.866792994980193,2.4740278817159123e-05,2.158536636164587,1,0,0,-0.0002784402781617068
R1,B,e_psi,release_2,1,1,0,0.0012081007417270584,93.15461467214809,5.98500230899468e-05,12.632196983726411,1,0,0,-0.0011482507186371116
R1,B,e_psi,releases_3_19,17,17,0,3.0031526492660596e-05,0.9785923328717089,3.770021526821397e-05,85.209266380109,0,17,0,2.1257405805386043e-05
R1,B,e_y,release_1,1,1,0,2.590913328823219e-05,4.926398770612286,1.0852126620802816e-06,0.45101724812913363,1,0,0,-2.4823920626151907e-05
R1,B,e_y,release_2,1,1,0,0.00011320621289068189,94.05119477105929,5.3632166053807495e-06,11.015751252783538,1,0,0,-0.00010784299628530114
R1,B,e_y,releases_3_19,17,17,0,2.862697343700316e-06,1.0224064583284236,3.6876269014834234e-06,88.53323149908732,0,17,0,2.211371044395251e-06
R2,A,r,release_1,1,1,0,0.01549591650095028,17.95402193325942,0.0032676499347032983,20.158365473127855,1,0,0,-0.012228266566246981
R2,A,r,release_2,1,1,0,0.033103592256629844,81.93651051953573,0.005697095705868904,61.276125504152205,1,0,0,-0.02740649655076094
R2,A,r,releases_3_19,17,17,0,0.0002934638593907126,0.10946754720486321,0.0007605658766966069,18.565509022719933,0,17,0,0.002293206654908883
R2,A,e_psi,release_1,1,1,0,8.910392813277213e-05,2.3395740933501137,4.8549012231724475e-05,3.779634803615374,1,0,0,-4.055491590104765e-05
R2,A,e_psi,release_2,1,1,0,0.0005525315321524005,89.96161396914769,7.473157773496553e-06,0.0895565480220753,1,0,0,-0.0005450583743789039
R2,A,e_psi,releases_3_19,17,17,0,3.9202687735190874e-05,7.698811937502209,5.938302481935e-05,96.13080864836253,0,17,0,0.00014094387115237694
R2,A,e_y,release_1,1,1,0,8.108133828940711e-06,2.2532353020702,3.0894883166765474e-06,1.719016554059462,1,0,0,-5.018645512264164e-06
R2,A,e_y,release_2,1,1,0,5.095196466533419e-05,88.97881130073803,1.5548810143595215e-07,0.004354128741078041,1,0,0,-5.079647656389824e-05
R2,A,e_y,releases_3_19,17,17,0,3.879201067672316e-06,8.767953397191775,5.6656167500806515e-06,98.27662931719946,0,17,0,1.1903526968864986e-05
R2,B,r,release_1,1,1,0,0.01549591650095028,13.35810395274492,0.0032676499347032983,21.146490686962977,1,0,0,-0.012228266566246981
R2,B,r,release_2,1,1,0,0.039425408253854155,86.46944711495136,0.005696577546334292,64.26807393329923,1,0,0,-0.03372883070751986
R2,B,r,releases_3_19,17,17,0,0.0004270223953474245,0.17244893230371425,0.0006581904997665239,14.585435379737783,0,17,0,0.0010504950117419393
R2,B,e_psi,release_1,1,1,0,8.910392813277213e-05,1.8081012424691474,4.8549012231724475e-05,4.100706215919137,1,0,0,-4.055491590104765e-05
R2,B,e_psi,release_2,1,1,0,0.0006365040780029751,92.26381857439272,7.4655868216311205e-06,0.0969674022368923,1,0,0,-0.000629038491181344
R2,B,e_psi,releases_3_19,17,17,0,3.9130739188603915e-05,5.928080183138138,5.6913413870539973e-05,95.80232638184397,0,17,0,0.00012895086127207023
R2,B,e_y,release_1,1,1,0,8.108133828940711e-06,1.7631057768834157,3.0894883166765474e-06,1.8609337135579263,1,0,0,-5.018645512264164e-06
R2,B,e_y,release_2,1,1,0,5.84822613987207e-05,91.72439734361001,1.5813600961339658e-07,0.004875502020375898,1,0,0,-5.8324125389107306e-05
R2,B,e_y,releases_3_19,17,17,0,3.779471088837228e-06,6.51249687950656,5.441351952053841e-06,98.1341907844217,0,17,0,1.2898034921791923e-05
R3,A,r,release_1,1,1,0,0.01549591650095028,16.623525282684838,0.0032676499347032983,63.34423525773503,1,0,0,-0.012228266566246981
R3,A,r,release_2,1,1,0,0.03467634343596743,83.24443007975871,0.0015631731558330975,14.496068275232155,1,0,0,-0.03311317028013433
R3,A,r,releases_3_19,17,17,0,0.0003349589813470499,0.13204463755644158,0.00046874798994181455,22.15969646703282,1,16,0,0.0006287046122150086
R3,A,e_psi,release_1,1,1,0,8.910392813277213e-05,0.4208332975374977,4.8549012231724475e-05,2.3718934143866672,1,0,0,-4.055491590104765e-05
R3,A,e_psi,release_2,1,1,0,0.0013433966283309395,95.65879427607953,1.136474230234441e-05,0.12997312400341374,1,0,0,-0.0013320318860285951
R3,A,e_psi,releases_3_19,17,17,0,6.596005437500828e-05,3.920372426382967,7.549296864835565e-05,97.49813346160994,2,15,0,5.475526285403376e-05
R3,A,e_y,release_1,1,1,0,8.108133828940711e-06,0.3087089780952867,3.0894883166765474e-06,0.3445352626355986,1,0,0,-5.018645512264164e-06
R3,A,e_y,release_2,1,1,0,0.00013808910738546953,89.54189641522237,5.4324129045643654e-06,1.0652366688993296,1,0,0,-0.00013265669448090517
R3,A,e_y,releases_3_19,17,17,0,1.1275657785973444e-05,10.149394606682344,1.2675415173486056e-05,98.59022806846507,2,15,0,8.316585932175574e-06
R3,B,r,release_1,1,1,0,0.01549591650095028,10.458578604053223,0.0032676499347032983,66.48057453149957,1,0,0,-0.012228266566246981
R3,B,r,release_2,1,1,0,0.045318970225185884,89.45367670327722,0.0015635211402983962,15.220581017816727,1,0,0,-0.04375544908488749
R3,B,r,releases_3_19,17,17,0,0.0003442444150135029,0.08774469266954246,0.0004157914112687289,18.2988444506837,1,16,0,0.00025897057628585657
R3,B,e_psi,release_1,1,1,0,8.910392813277213e-05,0.2854702711895924,4.8549012231724475e-05,2.668575597681796,1,0,0,-4.055491590104765e-05
R3,B,e_psi,release_2,1,1,0,0.0016432053103709876,97.08471199935053,1.1344757564923924e-05,0.14571664147408575,1,0,0,-0.0016318605528060637
R3,B,e_psi,releases_3_19,17,17,0,6.559258854595502e-05,2.6298177294598624,7.10587205111465e-05,97.18570776084411,2,15,0,2.2570547936862084e-05
R3,B,e_y,release_1,1,1,0,8.108133828940711e-06,0.2147294600686954,3.0894883166765474e-06,0.374815177949319,1,0,0,-5.018645512264164e-06
R3,B,e_y,release_2,1,1,0,0.00016845465096530093,92.68636021104842,5.425925977034507e-06,1.1560903708354844,1,0,0,-0.00016302872498826643
R3,B,e_y,releases_3_19,17,17,0,1.1306976167466503e-05,7.0989103288828685,1.2145166807557479e-05,98.4690944512152,2,15,0,3.4277132636532925e-06
