method,group,calls,initialization_wall_ms,initialization_cpu_ms,precomputation_wall_ms,precomputation_cpu_ms,wall_median_ms,wall_p95_ms,wall_max_ms,cpu_median_ms,cpu_p95_ms,cpu_max_ms
A,all,960,1.656292,1.653,0.002375,0.002,7.394458,11.5699622,25.671958,7.3925,11.56705,25.622
A,D4-R1_A,120,1.656292,1.653,0.002375,0.002,7.043708,7.71118925,10.567459,7.0425,7.708799999999999,9.912
A,D4-R1_B,120,1.656292,1.653,0.002375,0.002,7.1793545000000005,7.709501449999999,9.515667,7.1635,7.680199999999999,9.184
A,D4-R2_A,120,1.656292,1.653,0.002375,0.002,7.2181665,7.640552399999999,10.085125,7.2175,7.5071,9.565
A,D4-R2_B,120,1.656292,1.653,0.002375,0.002,7.1340835,7.4909173000000004,8.048375,7.1325,7.4802,7.899
A,D4-R3_A,120,1.656292,1.653,0.002375,0.002,11.2192295,11.66023365,12.311333,11.216000000000001,11.6531,12.232
A,D4-R3_B,120,1.656292,1.653,0.002375,0.002,10.668645999999999,11.70565065,25.671958,10.649000000000001,11.68385,25.622
A,D4-R4_A,120,1.656292,1.653,0.002375,0.002,11.199,11.70184135,12.147416,11.1955,11.659899999999999,12.117
A,D4-R4_B,120,1.656292,1.653,0.002375,0.002,11.071895999999999,11.63379585,12.296625,11.071000000000002,11.61665,12.163
P0,all,960,1.256667,1.256,0.002583,0.003,4.3191880000000005,6.06040175,6.377125,4.318,6.05805,6.373
P0,D4-R1_A,120,1.256667,1.256,0.002583,0.003,4.223312,4.42391455,4.663709,4.2204999999999995,4.4232,4.628
P0,D4-R1_B,120,1.256667,1.256,0.002583,0.003,4.2177500000000006,4.413192,4.462,4.212,4.40605,4.461
P0,D4-R2_A,120,1.256667,1.256,0.002583,0.003,4.2730415,4.41062325,4.83525,4.2725,4.40075,4.817
P0,D4-R2_B,120,1.256667,1.256,0.002583,0.003,4.1604375000000005,4.37719585,4.417375,4.155,4.3762,4.411
P0,D4-R3_A,120,1.256667,1.256,0.002583,0.003,5.8822495,6.1783274,6.357083,5.861000000000001,6.17725,6.356
P0,D4-R3_B,120,1.256667,1.256,0.002583,0.003,5.6227295,6.129557999999999,6.377125,5.622,6.1293,6.373
P0,D4-R4_A,120,1.256667,1.256,0.002583,0.003,5.151729,5.3442479,5.781875,5.1515,5.3343,5.727
P0,D4-R4_B,120,1.256667,1.256,0.002583,0.003,4.9553335,5.261891049999999,5.539959,4.9544999999999995,5.26095,5.516
P1a,all,960,1.137041,1.138,0.003791,0.005,4.303042,6.05585385,8.142667,4.3025,6.055,6.525
P1a,D4-R1_A,120,1.137041,1.138,0.003791,0.005,4.129167,4.36836105,4.579209,4.1225000000000005,4.368,4.572
P1a,D4-R1_B,120,1.137041,1.138,0.003791,0.005,4.1555835,4.3495771,4.6355,4.145,4.34825,4.622
P1a,D4-R2_A,120,1.137041,1.138,0.003791,0.005,4.049354,4.3630580000000005,4.670209,4.0385,4.3563,4.636
P1a,D4-R2_B,120,1.137041,1.138,0.003791,0.005,4.270458,4.4194101,4.705291,4.2695,4.41125,4.658
P1a,D4-R3_A,120,1.137041,1.138,0.003791,0.005,5.9433335,6.22533125,8.142667,5.938000000000001,6.221,6.525
P1a,D4-R3_B,120,1.137041,1.138,0.003791,0.005,5.651958499999999,6.1318378,6.448833,5.6505,6.1313,6.435
P1a,D4-R4_A,120,1.137041,1.138,0.003791,0.005,5.079354,5.3811708,5.540625,5.0760000000000005,5.3562,5.536
P1a,D4-R4_B,120,1.137041,1.138,0.003791,0.005,4.9163335,5.24966635,5.598333,4.9155,5.24925,5.596
P1b,all,960,1.118292,1.119,10.838459,8.548,4.6066665,6.50219375,8.703917,4.606,6.501,8.285
P1b,D4-R1_A,120,1.118292,1.119,10.838459,8.548,4.4628125,4.8008271,6.610125,4.462,4.79525,5.799
P1b,D4-R1_B,120,1.118292,1.119,10.838459,8.548,4.4686455,4.8233827,6.079917,4.467499999999999,4.7629,5.676
P1b,D4-R2_A,120,1.118292,1.119,10.838459,8.548,4.4287705,4.7228708500000005,4.91125,4.4105,4.694,4.901
P1b,D4-R2_B,120,1.118292,1.119,10.838459,8.548,4.5593955,4.701287499999999,4.828042,4.5485,4.6962,4.819
P1b,D4-R3_A,120,1.118292,1.119,10.838459,8.548,6.4461665,6.689258649999999,7.231625,6.4445,6.6864,7.178
P1b,D4-R3_B,120,1.118292,1.119,10.838459,8.548,6.101312500000001,6.5895354,8.703917,6.1,6.587149999999999,8.285
P1b,D4-R4_A,120,1.118292,1.119,10.838459,8.548,5.512771,5.8024455,6.015958,5.5115,5.7878,5.977
P1b,D4-R4_B,120,1.118292,1.119,10.838459,8.548,5.3540209999999995,5.70839165,6.106292,5.3535,5.7004,6.078
P2,all,960,1.524542,1.525,0.002125,0.003,8.985688,13.09767705,30.952709,8.984,13.0921,30.03
P2,D4-R1_A,120,1.524542,1.525,0.002125,0.003,8.816208,9.29353785,9.434917,8.8,9.27465,9.416
P2,D4-R1_B,120,1.524542,1.525,0.002125,0.003,8.722312500000001,9.18574795,10.472958,8.721499999999999,9.17125,10.156
P2,D4-R2_A,120,1.524542,1.525,0.002125,0.003,8.3746875,9.1064774,9.3085,8.3705,9.0912,9.277
P2,D4-R2_B,120,1.524542,1.525,0.002125,0.003,8.630562999999999,9.073541650000001,9.380417,8.6095,9.0692,9.364
P2,D4-R3_A,120,1.524542,1.525,0.002125,0.003,12.470271,13.17130625,13.767084,12.465,13.157,13.733
P2,D4-R3_B,120,1.524542,1.525,0.002125,0.003,11.970042,13.227402099999999,30.952709,11.968499999999999,13.2011,30.03
P2,D4-R4_A,120,1.524542,1.525,0.002125,0.003,12.7821245,13.1922604,13.879958,12.780000000000001,13.19125,13.835
P2,D4-R4_B,120,1.524542,1.525,0.002125,0.003,12.610916499999998,13.1582021,13.871542,12.61,13.1541,13.774
