case,n,preparation_median_ms,prediction_median_ms,prediction_fraction_median_percent,solver_median_ms,gain_median_ms
D4-R1_A,19,60.80674997065216,5.624249926768243,9.034222410580535,42.128499946556985,6.160042015835643
D4-R1_B,19,63.147666049189866,7.490165997296572,11.422449813912586,42.27912507485598,6.25041697639972
D4-R2_A,19,62.1116659604013,5.808999994769692,9.20916448091134,42.42508299648762,6.156624993309379
D4-R2_B,19,63.909417018294334,7.4650830356404185,11.583399908835267,42.63870802242309,6.335875019431114
D4-R3_A,19,64.7940420312807,9.706041077151895,14.563956592181773,42.31620905920863,6.176208960823715
D4-R3_B,19,67.07708293106407,11.500416905619204,16.448605339674174,42.64966701157391,6.229707971215248
D4-R4_A,19,63.189332955516875,9.799957973882556,15.237985153952756,40.32579192426056,6.123458035290241
D4-R4_B,19,65.08216599468142,11.150417034514248,17.04496177516553,40.57833401020616,6.200958974659443
D3-ref_A,19,59.3605840113014,5.694292020052671,9.460894028634051,40.41308397427201,6.129166926257312
D3-ref_B,19,60.557540971785784,7.21775006968528,11.715970735513265,40.14470800757408,6.121292011812329
